,id,date,this_is_reply,text,retweets,replies,likes,quotes,attachments,entities
0,1536874256746917888,2022-06-15 00:52:31+00:00,True,@CriptoLxo thank you for your support ‚ù§Ô∏è,0,1,2,0,,"{'mentions': [{'start': 0, 'end': 10, 'username': 'CriptoLxo', 'id': '1366051972210712576'}]}"
1,1536874155861319681,2022-06-15 00:52:07+00:00,False,"RT @CriptoLxo: I had to do it! I‚Äôm a big fan of the art.     Although I couldn‚Äôt get a WL, the price was fair on secondary market ‚ú®üíØ‚ù§Ô∏è‚Äçüî•@de‚Ä¶",4,0,0,0,,"{'mentions': [{'start': 3, 'end': 13, 'username': 'CriptoLxo', 'id': '1366051972210712576'}]}"
2,1536870225613926401,2022-06-15 00:36:30+00:00,False,"RT @0x_ib3: One of the MANY 1/1s in the @defi_frens collection ü™ô 

Private Sale Live @ https://t.co/FA8qW4QIQN https://t.co/vYuCSf1TbU",12,0,0,0,{'media_keys': ['7_1536870065907191811']},"{'mentions': [{'start': 3, 'end': 10, 'username': '0x_ib3', 'id': '1970116705'}, {'start': 40, 'end': 51, 'username': 'defi_frens', 'id': '1445443559063101465'}], 'urls': [{'start': 87, 'end': 110, 'url': 'https://t.co/FA8qW4QIQN', 'expanded_url': 'http://mint.defifrens.io', 'display_url': 'mint.defifrens.io'}, {'start': 111, 'end': 134, 'url': 'https://t.co/vYuCSf1TbU', 'expanded_url': 'https://twitter.com/0x_ib3/status/1536870164687245312/video/1', 'display_url': 'pic.twitter.com/vYuCSf1TbU', 'media_key': '7_1536870065907191811'}]}"
3,1536870150661611521,2022-06-15 00:36:12+00:00,True,@Bigw8moneychase @MurrNFT @Dajago_ @Qualiiiii @AnimosityNFTs thank you for everything ‚ù§Ô∏è,1,1,2,0,,"{'mentions': [{'start': 0, 'end': 16, 'username': 'Bigw8moneychase', 'id': '397750794'}, {'start': 17, 'end': 25, 'username': 'MurrNFT', 'id': '1491501528137482248'}, {'start': 26, 'end': 34, 'username': 'Dajago_', 'id': '1468989689591959554'}, {'start': 35, 'end': 45, 'username': 'Qualiiiii', 'id': '257213407'}, {'start': 46, 'end': 60, 'username': 'AnimosityNFTs', 'id': '1391050495024828418'}]}"
4,1536870126255017985,2022-06-15 00:36:06+00:00,False,RT @Bigw8moneychase: where can i start i got my mint and one off the floor with theses paper hands.. sheesh its been a long 6 months in the‚Ä¶,8,0,0,0,,"{'mentions': [{'start': 3, 'end': 19, 'username': 'Bigw8moneychase', 'id': '397750794'}]}"
5,1536870057875329024,2022-06-15 00:35:50+00:00,True,@lycheemilkk still waiting on more fit pics ‚ù§Ô∏è,0,1,1,0,,"{'mentions': [{'start': 0, 'end': 12, 'username': 'lycheemilkk', 'id': '1396877427855400963'}]}"
6,1536870016498470913,2022-06-15 00:35:40+00:00,False,RT @lycheemilkk: been waitin so long but @defi_frens is finally here! it was well worth the wait im so excited to meet the new homie https:‚Ä¶,6,0,0,0,,"{'mentions': [{'start': 3, 'end': 15, 'username': 'lycheemilkk', 'id': '1396877427855400963'}, {'start': 41, 'end': 52, 'username': 'defi_frens', 'id': '1445443559063101465'}]}"
7,1536869873191641092,2022-06-15 00:35:06+00:00,False,RT @0xJ224: I waited for this project patiently (kind of not really). Today I minted and now just waiting the reveal. Thank you @defi_frens‚Ä¶,3,0,0,0,,"{'mentions': [{'start': 3, 'end': 10, 'username': '0xJ224', 'id': '1485853631467249667'}, {'start': 128, 'end': 139, 'username': 'defi_frens', 'id': '1445443559063101465'}]}"
8,1536869807265562624,2022-06-15 00:34:50+00:00,False,RT @sandysnft: Minted my @defi_frens :‚Äù) ü§ç https://t.co/Fl5f6j8jvA,3,0,0,0,{'media_keys': ['3_1536869755185156098']},"{'mentions': [{'start': 3, 'end': 13, 'username': 'sandysnft', 'id': '1463161301539045376'}, {'start': 25, 'end': 36, 'username': 'defi_frens', 'id': '1445443559063101465'}], 'urls': [{'start': 43, 'end': 66, 'url': 'https://t.co/Fl5f6j8jvA', 'expanded_url': 'https://twitter.com/sandysnft/status/1536869763028504577/photo/1', 'display_url': 'pic.twitter.com/Fl5f6j8jvA', 'media_key': '3_1536869755185156098'}]}"
9,1536865167639826434,2022-06-15 00:16:24+00:00,False,RT @huncho_eth: Never ever ever selling x2 @0x_ib3 @0x_DBOY @dragonxjin @HexoCrypto @champuchinito https://t.co/tIgSRtlvmF,7,0,0,0,{'media_keys': ['3_1536855059614531584']},"{'mentions': [{'start': 3, 'end': 14, 'username': 'huncho_eth', 'id': '1495286869927604228'}, {'start': 43, 'end': 50, 'username': '0x_ib3', 'id': '1970116705'}, {'start': 51, 'end': 59, 'username': '0x_DBOY', 'id': '1439458841540841474'}, {'start': 60, 'end': 71, 'username': 'dragonxjin', 'id': '1474076873332297729'}, {'start': 72, 'end': 83, 'username': 'HexoCrypto', 'id': '389255253'}, {'start': 84, 'end': 98, 'username': 'champuchinito', 'id': '71433544'}], 'urls': [{'start': 99, 'end': 122, 'url': 'https://t.co/tIgSRtlvmF', 'expanded_url': 'https://twitter.com/huncho_eth/status/1536855062751887360/photo/1', 'display_url': 'pic.twitter.com/tIgSRtlvmF', 'media_key': '3_1536855059614531584'}]}"
10,1536865027222818817,2022-06-15 00:15:50+00:00,False,"RT @TTopshottaa: Yo boy, just minted his Two @defi_frens !!!!! LFG!!!! @dragonxjin @champuchinito @0x_ib3 @trexsleeps https://t.co/9NzAgUir‚Ä¶",3,0,0,0,,"{'mentions': [{'start': 3, 'end': 15, 'username': 'TTopshottaa', 'id': '721039888708083712'}, {'start': 45, 'end': 56, 'username': 'defi_frens', 'id': '1445443559063101465'}, {'start': 71, 'end': 82, 'username': 'dragonxjin', 'id': '1474076873332297729'}, {'start': 83, 'end': 97, 'username': 'champuchinito', 'id': '71433544'}, {'start': 98, 'end': 105, 'username': '0x_ib3', 'id': '1970116705'}, {'start': 106, 'end': 117, 'username': 'trexsleeps', 'id': '926553732292206593'}]}"
11,1536863631450726402,2022-06-15 00:10:17+00:00,False,RT @selinalikesnfts: minted my @defi_frens !! :') so incredibly proud of the team and the community- i love you guys sm &lt;3 https://t.co/Hts‚Ä¶,12,0,0,0,,"{'mentions': [{'start': 3, 'end': 19, 'username': 'selinalikesnfts', 'id': '1495983520765726725'}, {'start': 31, 'end': 42, 'username': 'defi_frens', 'id': '1445443559063101465'}]}"
12,1536861866718273540,2022-06-15 00:03:17+00:00,False,"RT @thekoricanpapi: Welcome to your forever home fren. Can't wait to meet you ‚ù§Ô∏è

@defi_frens https://t.co/E3i9wWG90Q",6,0,0,0,{'media_keys': ['16_1536856729052389377']},"{'mentions': [{'start': 3, 'end': 18, 'username': 'thekoricanpapi', 'id': '252436876'}, {'start': 82, 'end': 93, 'username': 'defi_frens', 'id': '1445443559063101465'}], 'urls': [{'start': 94, 'end': 117, 'url': 'https://t.co/E3i9wWG90Q', 'expanded_url': 'https://twitter.com/thekoricanpapi/status/1536860040384155650/photo/1', 'display_url': 'pic.twitter.com/E3i9wWG90Q', 'media_key': '16_1536856729052389377'}]}"
13,1536861839346262018,2022-06-15 00:03:10+00:00,False,"RT @Eugene20619709: My DeFi Fren found his home üíô

@defi_frens @selinalikesnfts @dragonxjin https://t.co/lm7Ga7jrvg",4,0,0,0,{'media_keys': ['3_1536860188413726721']},"{'mentions': [{'start': 3, 'end': 18, 'username': 'Eugene20619709', 'id': '1380323515816099841'}, {'start': 51, 'end': 62, 'username': 'defi_frens', 'id': '1445443559063101465'}, {'start': 63, 'end': 79, 'username': 'selinalikesnfts', 'id': '1495983520765726725'}, {'start': 80, 'end': 91, 'username': 'dragonxjin', 'id': '1474076873332297729'}], 'annotations': [{'start': 23, 'end': 31, 'probability': 0.8812, 'type': 'Person', 'normalized_text': 'DeFi Fren'}], 'urls': [{'start': 92, 'end': 115, 'url': 'https://t.co/lm7Ga7jrvg', 'expanded_url': 'https://twitter.com/Eugene20619709/status/1536860191773409281/photo/1', 'display_url': 'pic.twitter.com/lm7Ga7jrvg', 'media_key': '3_1536860188413726721'}]}"
14,1536861782610006017,2022-06-15 00:02:57+00:00,False,RT @WarmHorsee: Should I increase my listing might be a little low @defi_frens https://t.co/ptazKjxnS2,7,0,0,0,{'media_keys': ['3_1536861608219013120']},"{'mentions': [{'start': 3, 'end': 14, 'username': 'WarmHorsee', 'id': '1434813149207695361'}, {'start': 67, 'end': 78, 'username': 'defi_frens', 'id': '1445443559063101465'}], 'urls': [{'start': 79, 'end': 102, 'url': 'https://t.co/ptazKjxnS2', 'expanded_url': 'https://twitter.com/WarmHorsee/status/1536861615089324032/photo/1', 'display_url': 'pic.twitter.com/ptazKjxnS2', 'media_key': '3_1536861608219013120'}]}"
15,1536859146129133570,2022-06-14 23:52:28+00:00,False,RT @dachshundwizard: Minted my @defi_frens üî• and I got one from the floor. LFG! An amazing #nft project that deserves our attention üßô‚Äç‚ôÇÔ∏è ht‚Ä¶,13,0,0,0,,"{'mentions': [{'start': 3, 'end': 19, 'username': 'dachshundwizard', 'id': '15920137'}, {'start': 31, 'end': 42, 'username': 'defi_frens', 'id': '1445443559063101465'}], 'hashtags': [{'start': 91, 'end': 95, 'tag': 'nft'}]}"
16,1536859118643847173,2022-06-14 23:52:22+00:00,False,RT @Tino787lhr: Why get one when you can have 3 @defi_frens https://t.co/cWcc1ZgpsE,3,0,0,0,{'media_keys': ['3_1536858999106281480']},"{'mentions': [{'start': 3, 'end': 14, 'username': 'Tino787lhr', 'id': '232219619'}, {'start': 48, 'end': 59, 'username': 'defi_frens', 'id': '1445443559063101465'}], 'urls': [{'start': 60, 'end': 83, 'url': 'https://t.co/cWcc1ZgpsE', 'expanded_url': 'https://twitter.com/Tino787lhr/status/1536859002226855936/photo/1', 'display_url': 'pic.twitter.com/cWcc1ZgpsE', 'media_key': '3_1536858999106281480'}]}"
17,1536859020945985536,2022-06-14 23:51:58+00:00,False,RT @BrodangoRodango: LFG @defi_frens can‚Äôt wait for reveal ü§© https://t.co/pAcawS2tpX,4,0,0,0,{'media_keys': ['3_1536846561430360065']},"{'mentions': [{'start': 3, 'end': 19, 'username': 'BrodangoRodango', 'id': '1426784159905820678'}, {'start': 25, 'end': 36, 'username': 'defi_frens', 'id': '1445443559063101465'}], 'urls': [{'start': 61, 'end': 84, 'url': 'https://t.co/pAcawS2tpX', 'expanded_url': 'https://twitter.com/BrodangoRodango/status/1536846563699572736/photo/1', 'display_url': 'pic.twitter.com/pAcawS2tpX', 'media_key': '3_1536846561430360065'}]}"
18,1536858975190323207,2022-06-14 23:51:47+00:00,False,"RT @BrynDiezel: So pumped I‚Äôve got my @defi_frens!!!

Next up reveal !
When people see the art on reveal 
the whole market will ape in üöÄüöÄ‚Ä¶",3,0,0,0,,"{'mentions': [{'start': 3, 'end': 14, 'username': 'BrynDiezel', 'id': '1446241485440094209'}, {'start': 38, 'end': 49, 'username': 'defi_frens', 'id': '1445443559063101465'}]}"
19,1536858913890619393,2022-06-14 23:51:33+00:00,False,RT @PrivateDPenguin: Let's go they're finally here ü•π @defi_frens @dragonxjin @HexoCrypto @0x_ib3 @champuchinito @0x_DBOY SO PROUD OF YALL W‚Ä¶,4,0,0,0,,"{'mentions': [{'start': 3, 'end': 19, 'username': 'PrivateDPenguin', 'id': '718832072337551361'}, {'start': 53, 'end': 64, 'username': 'defi_frens', 'id': '1445443559063101465'}, {'start': 65, 'end': 76, 'username': 'dragonxjin', 'id': '1474076873332297729'}, {'start': 77, 'end': 88, 'username': 'HexoCrypto', 'id': '389255253'}, {'start': 89, 'end': 96, 'username': '0x_ib3', 'id': '1970116705'}, {'start': 97, 'end': 111, 'username': 'champuchinito', 'id': '71433544'}, {'start': 112, 'end': 120, 'username': '0x_DBOY', 'id': '1439458841540841474'}]}"
20,1536858861918904320,2022-06-14 23:51:20+00:00,False,RT @MurrNFT: STRAIGHT TO THE LEDGER üòç Bringing these @defi_frens to my grave and I'm not stopping at 2 üëÄ #DF4L https://t.co/4LZOAmBY45,5,0,0,0,{'media_keys': ['3_1536856988096905218']},"{'mentions': [{'start': 3, 'end': 11, 'username': 'MurrNFT', 'id': '1491501528137482248'}, {'start': 53, 'end': 64, 'username': 'defi_frens', 'id': '1445443559063101465'}], 'urls': [{'start': 111, 'end': 134, 'url': 'https://t.co/4LZOAmBY45', 'expanded_url': 'https://twitter.com/MurrNFT/status/1536857421737603074/photo/1', 'display_url': 'pic.twitter.com/4LZOAmBY45', 'media_key': '3_1536856988096905218'}], 'hashtags': [{'start': 105, 'end': 110, 'tag': 'DF4L'}]}"
21,1536856265565032448,2022-06-14 23:41:01+00:00,True,"We apologize for the delays, we had a slight issue with the front end that has now been sorted.

We appreciate the community support and love you all ‚ù§Ô∏è",2,3,22,0,,
22,1536856261605699584,2022-06-14 23:41:00+00:00,False,"üí•  FRENLIST MINT IS NOW LIVE! üí• 

Mint here : https://t.co/IjXLjEHPkV

Those who have Frenlist (WL) can now mint your frens! Public sale will begin at June 15th 7AM EST.

OpenSea : 
https://t.co/qzgVkDd0JU 

Etherscan : https://t.co/DeDYn9fgPN https://t.co/zY5BG2JklL",41,12,87,6,{'media_keys': ['7_1536855046494867456']},"{'urls': [{'start': 46, 'end': 69, 'url': 'https://t.co/IjXLjEHPkV', 'expanded_url': 'http://mint.defifrens.io/', 'display_url': 'mint.defifrens.io'}, {'start': 182, 'end': 205, 'url': 'https://t.co/qzgVkDd0JU', 'expanded_url': 'https://opensea.io/collection/defi-frens-collection', 'display_url': 'opensea.io/collection/def‚Ä¶'}, {'start': 220, 'end': 243, 'url': 'https://t.co/DeDYn9fgPN', 'expanded_url': 'https://etherscan.io/address0x4be2fc76c2ee4761ee9bcfff833222d4391dde36', 'display_url': 'etherscan.io/address0x4be2f‚Ä¶', 'status': 200, 'title': 'Etherscan Error Page', 'description': 'The Ethereum BlockChain Explorer, API and Analytics Platform', 'unwound_url': 'https://etherscan.io/error.html?404'}, {'start': 244, 'end': 267, 'url': 'https://t.co/zY5BG2JklL', 'expanded_url': 'https://twitter.com/defi_frens/status/1536856261605699584/video/1', 'display_url': 'pic.twitter.com/zY5BG2JklL', 'media_key': '7_1536855046494867456'}]}"
23,1536747126490906629,2022-06-14 16:27:20+00:00,True,Much love to all our partners ‚ù§Ô∏è @coolcatsnft @KarafuruNFT @KaijuKingz @projectPXN @The_OpenDAO @KosherPlug @BentoBoiNFT @AnimoNFT @lunarprojectnft @CyberKongz @manilagrey @BBRCOfficial @WARDELL416 @HellofaPartyNFT,5,1,48,0,,"{'mentions': [{'start': 33, 'end': 45, 'username': 'coolcatsnft', 'id': '1395553778187718657'}, {'start': 46, 'end': 58, 'username': 'KarafuruNFT', 'id': '1478581829271654400'}, {'start': 59, 'end': 70, 'username': 'KaijuKingz', 'id': '1444937781441187842'}, {'start': 71, 'end': 82, 'username': 'projectPXN', 'id': '1465940862928658437'}, {'start': 83, 'end': 95, 'username': 'The_OpenDAO', 'id': '1474132989537918986'}, {'start': 96, 'end': 107, 'username': 'KosherPlug', 'id': '4357416197'}, {'start': 108, 'end': 120, 'username': 'BentoBoiNFT', 'id': '1357259205191766016'}, {'start': 121, 'end': 130, 'username': 'AnimoNFT', 'id': '1437830526312796161'}, {'start': 131, 'end': 147, 'username': 'lunarprojectnft', 'id': '1511688228826333184'}, {'start': 148, 'end': 159, 'username': 'CyberKongz', 'id': '1367095024069062657'}, {'start': 160, 'end': 171, 'username': 'manilagrey', 'id': '491012342'}, {'start': 172, 'end': 185, 'username': 'BBRCOfficial', 'id': '1511596580683452418'}, {'start': 186, 'end': 197, 'username': 'WARDELL416', 'id': '3583500497'}, {'start': 198, 'end': 214, 'username': 'HellofaPartyNFT', 'id': '1491546130236194817'}]}"
24,1536747125379411969,2022-06-14 16:27:20+00:00,True,Please note we have moved up the Private Sale window 1 hour earlier as per our community request to accommodate more time zones.,7,1,42,0,,
25,1536747124192333825,2022-06-14 16:27:20+00:00,True,"With that being said, our mint day is still on track to launch TODAY beginning with our Private Sale on June 14th @ 5PM EST. We love you all and can't wait to continue this journey together!",6,2,34,0,,
26,1536747123009589249,2022-06-14 16:27:20+00:00,True,Predicting the market is extremely challenging. The Web3 space moves at lightning speed. Every day market sentiment changes and we are found constantly adapting.,5,1,26,0,,
27,1536747121814163456,2022-06-14 16:27:19+00:00,True,"Every move made and decision executed is with everyone's best interests in mind, listening to what our community has to say. Due to market sentiment, we believe we have fairly calculated everything in our mint rollout (from price to date).",4,1,24,0,,
28,1536747120501334017,2022-06-14 16:27:19+00:00,True,"We‚Äôd like to thank each and every one of you for being part of this journey. We're so excited to show you what we have planned. Our toys, apparel, and many other activations are a few worth mentioning!",4,1,28,0,,
29,1536747119322746882,2022-06-14 16:27:19+00:00,True,"Our team is so incredibly proud and humbled by the community that‚Äôs been built, one that celebrates our shared passion for the space.",4,1,29,0,,
30,1536747118068629506,2022-06-14 16:27:18+00:00,True,"DeFi Frens, was born when we (a group of irl + internet frens) were united by our love and excitement for DeFi, NFTs and web3. Realizing our experience was not uncommon, we embarked on the adventure that is DeFi Frens.",4,1,27,0,,"{'annotations': [{'start': 0, 'end': 9, 'probability': 0.3774, 'type': 'Person', 'normalized_text': 'DeFi Frens'}, {'start': 106, 'end': 109, 'probability': 0.4855, 'type': 'Person', 'normalized_text': 'DeFi'}, {'start': 112, 'end': 115, 'probability': 0.3896, 'type': 'Person', 'normalized_text': 'NFTs'}, {'start': 207, 'end': 216, 'probability': 0.3559, 'type': 'Person', 'normalized_text': 'DeFi Frens'}]}"
31,1536747114830696449,2022-06-14 16:27:18+00:00,False,"This month marks half a year of building DeFi Frens. To say we‚Äôre excited for our launch in a few hours is an understatement. We would like to give a special thank you to our long term partners we have worked with and will continue to work with. After all, it takes a village ‚ù§Ô∏è https://t.co/2d2oa89jFK",70,16,276,11,{'media_keys': ['3_1536744471894937604']},"{'annotations': [{'start': 41, 'end': 50, 'probability': 0.2753, 'type': 'Other', 'normalized_text': 'DeFi Frens'}], 'urls': [{'start': 279, 'end': 302, 'url': 'https://t.co/2d2oa89jFK', 'expanded_url': 'https://twitter.com/defi_frens/status/1536747114830696449/photo/1', 'display_url': 'pic.twitter.com/2d2oa89jFK', 'media_key': '3_1536744471894937604'}]}"
32,1536485933721198593,2022-06-13 23:09:27+00:00,True,"Winners, please DM us your ETH address ASAP!
‚Ä¢ @VETLauraSw61
‚Ä¢ @AlezaCook20XTZ
‚Ä¢ @ETCTheresaKonne

‚úîÔ∏è https://t.co/hfpNv31VwB",0,0,8,0,,"{'mentions': [{'start': 47, 'end': 60, 'username': 'VETLauraSw61', 'id': '1521448497030918145'}, {'start': 63, 'end': 78, 'username': 'AlezaCook20XTZ', 'id': '1521444167913975808'}, {'start': 81, 'end': 97, 'username': 'ETCTheresaKonne', 'id': '1520841405853483008'}], 'urls': [{'start': 102, 'end': 125, 'url': 'https://t.co/hfpNv31VwB', 'expanded_url': 'https://twitterpicker.com/d/6knmf6cn', 'display_url': 'twitterpicker.com/d/6knmf6cn'}]}"
33,1536350517437267969,2022-06-13 14:11:22+00:00,False,"RT @The_OpenDAO: The OpenDAO Panel Ft. @LunarProjectNFT @Defi_Frens &amp; @NFTRamo ‚ú®

Join us for an exciting conversation about upcoming proje‚Ä¶",40,0,0,0,,"{'mentions': [{'start': 3, 'end': 15, 'username': 'The_OpenDAO', 'id': '1474132989537918986'}, {'start': 39, 'end': 55, 'username': 'lunarprojectnft', 'id': '1511688228826333184'}, {'start': 56, 'end': 67, 'username': 'defi_frens', 'id': '1445443559063101465'}, {'start': 74, 'end': 82, 'username': 'NftRamo', 'id': '1088369346244739073'}]}"
34,1536160633279979520,2022-06-13 01:36:50+00:00,False,"MANILA GREY X DEFI FRENS üéµ
To celebrate our partnership with the duo we will be giving away a Frenlist+No Saints Tour tickets to 3 frens who:
- Like + RT
- Follow @DeFi_Frens
- Tag 3 frens
Ends in 18 hours ‚è≥
DeFi Frens minted with the Manila Grey traits will get a surprise üëÄ https://t.co/koSrUGfQKW",5885,1107,2397,16,{'media_keys': ['3_1536160624673181696']},"{'mentions': [{'start': 163, 'end': 174, 'username': 'defi_frens', 'id': '1445443559063101465'}], 'urls': [{'start': 276, 'end': 299, 'url': 'https://t.co/koSrUGfQKW', 'expanded_url': 'https://twitter.com/defi_frens/status/1536160633279979520/photo/1', 'display_url': 'pic.twitter.com/koSrUGfQKW', 'media_key': '3_1536160624673181696'}]}"
35,1536076559295008768,2022-06-12 20:02:45+00:00,False,"RT @eth_apple: üçéAPPLE x DeFi_Frenüçé

DEFI FRENS 3X WL GIVEAWAY!

To enter:
- Follow @DeFi_Frens &amp; @eth_apple &amp; @search_fi 
- Like+RT
- Tag 3‚Ä¶",3021,0,0,0,,"{'mentions': [{'start': 3, 'end': 13, 'username': 'eth_apple', 'id': '4769203704'}, {'start': 83, 'end': 94, 'username': 'defi_frens', 'id': '1445443559063101465'}, {'start': 101, 'end': 111, 'username': 'eth_apple', 'id': '4769203704'}, {'start': 118, 'end': 128, 'username': 'search_fi', 'id': '1525732457269428226'}]}"
36,1535991787159961600,2022-06-12 14:25:54+00:00,False,GM (say it back)! We are 2 days away from launch: June 14th üöÄ https://t.co/Q18XKrQl8a,82,60,306,4,{'media_keys': ['3_1535991778523873280']},"{'urls': [{'start': 62, 'end': 85, 'url': 'https://t.co/Q18XKrQl8a', 'expanded_url': 'https://twitter.com/defi_frens/status/1535991787159961600/photo/1', 'display_url': 'pic.twitter.com/Q18XKrQl8a', 'media_key': '3_1535991778523873280'}]}"
37,1535988881941794817,2022-06-12 14:14:21+00:00,True,"@coolcatsnft Winners üèÜ
‚Ä¢ @Kathlee27DOGE
‚Ä¢ @ICP29KatieHo
‚Ä¢ @molifyingm0
‚Ä¢ @AngelaWDOGE8
‚Ä¢ @66CeceliaOakman

Congratulations frens! We will be sending you a DM shortly ‚ù§Ô∏è

‚úîÔ∏è https://t.co/BYHDeKApLz",1,2,24,0,,"{'mentions': [{'start': 0, 'end': 12, 'username': 'coolcatsnft', 'id': '1395553778187718657'}, {'start': 25, 'end': 39, 'username': 'Kathlee27DOGE', 'id': '1528789603733237760'}, {'start': 42, 'end': 55, 'username': 'ICP29KatieHo', 'id': '1518463350501380097'}, {'start': 58, 'end': 70, 'username': 'molifyingm0', 'id': '1524431100612734976'}, {'start': 73, 'end': 86, 'username': 'AngelaWDOGE8', 'id': '1520918139223289856'}, {'start': 89, 'end': 105, 'username': '66CeceliaOakman', 'id': '1528924559008641024'}], 'urls': [{'start': 173, 'end': 196, 'url': 'https://t.co/BYHDeKApLz', 'expanded_url': 'https://twitterpicker.com/d/suzc7agt', 'display_url': 'twitterpicker.com/d/suzc7agt'}]}"
38,1535798183812530177,2022-06-12 01:36:35+00:00,False,"RT @WonderPals: Hello pals! We're giving away 35 allowlist spots to holders of WonderPals for @defi_frens! üíõ 

Enter via the following Prem‚Ä¶",44,0,0,0,,"{'mentions': [{'start': 3, 'end': 14, 'username': 'WonderPals', 'id': '1468963240126271489'}, {'start': 94, 'end': 105, 'username': 'defi_frens', 'id': '1445443559063101465'}]}"
39,1535679532455366663,2022-06-11 17:45:06+00:00,False,"MINT PRICE + DETAILS:
Everything you need to know is on this graphic and in our Discord: https://t.co/O6L5clbBvA https://t.co/I6KxuMMkhH",94,27,296,9,{'media_keys': ['3_1535675317695696896']},"{'urls': [{'start': 89, 'end': 112, 'url': 'https://t.co/O6L5clbBvA', 'expanded_url': 'http://discord.gg/defifrens', 'display_url': 'discord.gg/defifrens'}, {'start': 113, 'end': 136, 'url': 'https://t.co/I6KxuMMkhH', 'expanded_url': 'https://twitter.com/defi_frens/status/1535679532455366663/photo/1', 'display_url': 'pic.twitter.com/I6KxuMMkhH', 'media_key': '3_1535675317695696896'}]}"
40,1535661050569363456,2022-06-11 16:31:40+00:00,False,"Hey frens! Join us in an hour to hear about MINT PRICE/ROLLOUT, ask a question, and maybe win a Frenlist (WL)!

https://t.co/7aR9q19Bof",40,20,103,5,,"{'urls': [{'start': 112, 'end': 135, 'url': 'https://t.co/7aR9q19Bof', 'expanded_url': 'https://twitter.com/i/spaces/1MYxNnkeXRnxw', 'display_url': 'twitter.com/i/spaces/1MYxN‚Ä¶', 'status': 200, 'title': 'Scheduled: DEFI FRENS MINT PRICE/ROLLOUT AMA', 'description': 'DEFI FRENS‚Äôs space ¬∑ Where live audio conversations happen', 'unwound_url': 'https://twitter.com/i/spaces/1MYxNnkeXRnxw'}]}"
41,1535397638580981760,2022-06-10 23:04:58+00:00,False,"Kongz ü§ù Frens
We are very excited to welcome the @CyberKongz into our community! Be on the lookout for the CyberKongz rainbow glasses trait in our collection üëÄ! https://t.co/FIoOjPEDT0",136,56,437,13,{'media_keys': ['3_1535397635003240451']},"{'mentions': [{'start': 49, 'end': 60, 'username': 'CyberKongz', 'id': '1367095024069062657'}], 'urls': [{'start': 161, 'end': 184, 'url': 'https://t.co/FIoOjPEDT0', 'expanded_url': 'https://twitter.com/defi_frens/status/1535397638580981760/photo/1', 'display_url': 'pic.twitter.com/FIoOjPEDT0', 'media_key': '3_1535397635003240451'}]}"
42,1535279369299677184,2022-06-10 15:15:00+00:00,False,"In preparation of our launch day, we're hosting our biggest frenlist giveaway yet!

To participate in the giveaway, simply register with the premint link below :
https://t.co/8uAnQkjjei

Registration ends Sunday, June 12, 2022 8:00 PM EST, winners will be decided shortly after",54,17,179,5,,"{'urls': [{'start': 162, 'end': 185, 'url': 'https://t.co/8uAnQkjjei', 'expanded_url': 'https://www.premint.xyz/defi-frens-public-raffle/', 'display_url': 'premint.xyz/defi-frens-pub‚Ä¶'}]}"
43,1535037940468006912,2022-06-09 23:15:39+00:00,False,"The cat is out of the bag! To celebrate our official partnership with @CoolCatsNFT we will be giving out 5x Frenlist spots on this post:

- Like+RT
- Follow @DeFi_Frens and @CoolCatsNFT
- Tag 3 Frens

Be on the lookout for this 1/1 Cool Cat Fren üëÄ https://t.co/JwJm1eRVZx",6902,2237,3741,14,{'media_keys': ['7_1535037164668452874']},"{'mentions': [{'start': 70, 'end': 82, 'username': 'coolcatsnft', 'id': '1395553778187718657'}, {'start': 157, 'end': 168, 'username': 'defi_frens', 'id': '1445443559063101465'}, {'start': 173, 'end': 185, 'username': 'coolcatsnft', 'id': '1395553778187718657'}], 'urls': [{'start': 248, 'end': 271, 'url': 'https://t.co/JwJm1eRVZx', 'expanded_url': 'https://twitter.com/defi_frens/status/1535037940468006912/video/1', 'display_url': 'pic.twitter.com/JwJm1eRVZx', 'media_key': '7_1535037164668452874'}]}"
44,1534999723463041031,2022-06-09 20:43:47+00:00,False,"Hey frens, as mint date approaches we have a Twitter CONTEST happening! Try your luck on AS MANY initiatives as possible for a chance to win Frenlist (WL) or even Good Frens (2x WL)! 

Winners are chosen EoD Sunday (06/12), good luck ‚ù§Ô∏è https://t.co/CKyo80IDIh",67,34,176,5,{'media_keys': ['3_1534999719897927682']},"{'annotations': [{'start': 45, 'end': 51, 'probability': 0.6728, 'type': 'Product', 'normalized_text': 'Twitter'}], 'urls': [{'start': 237, 'end': 260, 'url': 'https://t.co/CKyo80IDIh', 'expanded_url': 'https://twitter.com/defi_frens/status/1534999723463041031/photo/1', 'display_url': 'pic.twitter.com/CKyo80IDIh', 'media_key': '3_1534999719897927682'}]}"
45,1534896599515680768,2022-06-09 13:54:00+00:00,False,"RT @defi_frens: Introducing the DeFi Frens figurines! 

Redemption info for holders coming shortly after mint ‚ù§Ô∏è https://t.co/VgHDzC0QJa",132,0,0,0,{'media_keys': ['3_1534675551318855680']},"{'mentions': [{'start': 3, 'end': 14, 'username': 'defi_frens', 'id': '1445443559063101465'}], 'annotations': [{'start': 32, 'end': 41, 'probability': 0.4884, 'type': 'Product', 'normalized_text': 'DeFi Frens'}], 'urls': [{'start': 113, 'end': 136, 'url': 'https://t.co/VgHDzC0QJa', 'expanded_url': 'https://twitter.com/defi_frens/status/1534676859916627969/photo/1', 'display_url': 'pic.twitter.com/VgHDzC0QJa', 'media_key': '3_1534675551318855680'}]}"
46,1534676864807190528,2022-06-08 23:20:52+00:00,True,And no.. these aren't renders! They're the real thing! https://t.co/w5g16xa6BY,48,28,251,10,"{'media_keys': ['3_1534675655547359232', '3_1534675678452494337']}","{'urls': [{'start': 55, 'end': 78, 'url': 'https://t.co/w5g16xa6BY', 'expanded_url': 'https://twitter.com/defi_frens/status/1534676864807190528/photo/1', 'display_url': 'pic.twitter.com/w5g16xa6BY', 'media_key': '3_1534675655547359232'}, {'start': 55, 'end': 78, 'url': 'https://t.co/w5g16xa6BY', 'expanded_url': 'https://twitter.com/defi_frens/status/1534676864807190528/photo/1', 'display_url': 'pic.twitter.com/w5g16xa6BY', 'media_key': '3_1534675678452494337'}]}"
47,1534676859916627969,2022-06-08 23:20:50+00:00,False,"Introducing the DeFi Frens figurines! 

Redemption info for holders coming shortly after mint ‚ù§Ô∏è https://t.co/VgHDzC0QJa",132,59,416,14,{'media_keys': ['3_1534675551318855680']},"{'annotations': [{'start': 16, 'end': 25, 'probability': 0.5111, 'type': 'Product', 'normalized_text': 'DeFi Frens'}], 'urls': [{'start': 97, 'end': 120, 'url': 'https://t.co/VgHDzC0QJa', 'expanded_url': 'https://twitter.com/defi_frens/status/1534676859916627969/photo/1', 'display_url': 'pic.twitter.com/VgHDzC0QJa', 'media_key': '3_1534675551318855680'}]}"
48,1534360854396796929,2022-06-08 02:25:09+00:00,False,one of our most anticipated collabs‚Ä¶ but who could it be? üëÄüê± https://t.co/JCn7gh7AcE,104,79,446,10,{'media_keys': ['3_1534360850944892928']},"{'urls': [{'start': 61, 'end': 84, 'url': 'https://t.co/JCn7gh7AcE', 'expanded_url': 'https://twitter.com/defi_frens/status/1534360854396796929/photo/1', 'display_url': 'pic.twitter.com/JCn7gh7AcE', 'media_key': '3_1534360850944892928'}]}"
49,1533890589770522632,2022-06-06 19:16:29+00:00,False,"We are proud to finally answer the question of WEN MINT? 

JUNE 14th (6/14) 

All further mint details will be announced in the next few days https://t.co/jZmExpB2AF",253,176,660,25,{'media_keys': ['3_1533890307049328641']},"{'urls': [{'start': 142, 'end': 165, 'url': 'https://t.co/jZmExpB2AF', 'expanded_url': 'https://twitter.com/defi_frens/status/1533890589770522632/photo/1', 'display_url': 'pic.twitter.com/jZmExpB2AF', 'media_key': '3_1533890307049328641'}]}"
50,1533871999306584066,2022-06-06 18:02:37+00:00,False,"Come join us in an hour for our most important Spaces yet to hear about our launch date, rollout, and ask a question! There may be Frenlist spots given out üòâ

https://t.co/vK1WuORiUK",53,29,151,6,,"{'urls': [{'start': 159, 'end': 182, 'url': 'https://t.co/vK1WuORiUK', 'expanded_url': 'https://twitter.com/i/spaces/1vOGwyaaPlDxB', 'display_url': 'twitter.com/i/spaces/1vOGw‚Ä¶', 'images': [{'url': 'https://pbs.twimg.com/news_img/1533871999629639680/_dNlmQHN?format=jpg&name=orig', 'width': 1200, 'height': 630}, {'url': 'https://pbs.twimg.com/news_img/1533871999629639680/_dNlmQHN?format=jpg&name=150x150', 'width': 150, 'height': 150}], 'status': 200, 'title': 'Scheduled: DEFI FRENS LAUNCH DATE ANNOUNCEMENT', 'description': 'DEFI FRENS‚Äôs space ¬∑ Where live audio conversations happen', 'unwound_url': 'https://twitter.com/i/spaces/1vOGwyaaPlDxB'}]}"
51,1533807455519506433,2022-06-06 13:46:08+00:00,True,@Jc12476317Jc ghost on lee sin??? ü§®ü§®ü§®,0,3,3,0,,"{'mentions': [{'start': 0, 'end': 13, 'username': 'Jc12476317Jc', 'id': '1473800524931555329'}]}"
52,1533807287827152897,2022-06-06 13:45:28+00:00,True,@ElaineWang0129 color coordination on point ‚úÖ,0,1,1,0,,"{'mentions': [{'start': 0, 'end': 15, 'username': 'ElaineWang0129', 'id': '1522589689580072960'}]}"
53,1533807167630868481,2022-06-06 13:45:00+00:00,True,@sykKen_ you got lucky my boy,0,2,8,0,,"{'mentions': [{'start': 0, 'end': 8, 'username': 'sykKen_', 'id': '740775925659381761'}]}"
54,1533807117232218112,2022-06-06 13:44:48+00:00,True,@flabbergasted93 big fluff! ü•∫,0,0,1,0,,"{'mentions': [{'start': 0, 'end': 16, 'username': 'flabbergasted93', 'id': '1478714076666552327'}]}"
55,1533806924294242304,2022-06-06 13:44:02+00:00,True,@GrandRat those pants are amazing!,0,1,1,0,,"{'mentions': [{'start': 0, 'end': 9, 'username': 'GrandRat', 'id': '1104183818578145280'}]}"
56,1533806846296961025,2022-06-06 13:43:43+00:00,True,@jeromewright18 we want to pet them all!!,1,0,2,0,,"{'mentions': [{'start': 0, 'end': 15, 'username': 'jeromewright18', 'id': '3342957701'}]}"
57,1533806734082551809,2022-06-06 13:43:16+00:00,True,@Jack_Daniels696 @dragonxjin our talent show winner just gets better and better!,0,0,2,0,,"{'mentions': [{'start': 0, 'end': 16, 'username': 'Jack_Daniels696', 'id': '707599027886366724'}, {'start': 17, 'end': 28, 'username': 'dragonxjin', 'id': '1474076873332297729'}]}"
58,1533806629744955392,2022-06-06 13:42:51+00:00,True,@H2wo_nft poor speaker üò≠,0,1,2,0,,"{'mentions': [{'start': 0, 'end': 9, 'username': 'H2wo_nft', 'id': '1489571952490475523'}]}"
59,1533806520307261445,2022-06-06 13:42:25+00:00,True,@redmartinii_ thank you for being here ‚ù§Ô∏è,0,1,2,0,,"{'mentions': [{'start': 0, 'end': 13, 'username': 'redmartinii_', 'id': '1485215447867805697'}]}"
60,1533806440967819265,2022-06-06 13:42:06+00:00,True,@Ihii_Temple got ‚Äòem! great shots ü´°,0,0,4,0,,"{'mentions': [{'start': 0, 'end': 12, 'username': 'Ihii_Temple', 'id': '1066956047225679872'}]}"
61,1533806282154692609,2022-06-06 13:41:29+00:00,True,@NicsyNFT @dragonxjin SO MANY DOGS!!! we love them all üòç,1,1,3,0,,"{'mentions': [{'start': 0, 'end': 9, 'username': 'NicsyNFT', 'id': '1507923441919619076'}, {'start': 10, 'end': 21, 'username': 'dragonxjin', 'id': '1474076873332297729'}]}"
62,1533806203771420672,2022-06-06 13:41:10+00:00,True,@NicsyNFT @dragonxjin it looks great!,1,1,3,0,,"{'mentions': [{'start': 0, 'end': 9, 'username': 'NicsyNFT', 'id': '1507923441919619076'}, {'start': 10, 'end': 21, 'username': 'dragonxjin', 'id': '1474076873332297729'}]}"
63,1533806097248690178,2022-06-06 13:40:44+00:00,True,@hazespace888 sooo cute!,0,1,1,0,,"{'mentions': [{'start': 0, 'end': 13, 'username': 'hazespace888', 'id': '1491996151960113155'}]}"
64,1532943556742103041,2022-06-04 04:33:19+00:00,True,"@lancesanitynft we couldn‚Äôt be more proud of you, you earned this ‚ù§Ô∏è",0,1,14,0,,"{'mentions': [{'start': 0, 'end': 15, 'username': 'lancesanitynft', 'id': '1478410703815917568'}]}"
65,1532724814586208256,2022-06-03 14:04:07+00:00,True,"@RiLLz365 LOL we can all relate to that middle fren, this was hilarious. please DM us your Discord tag for a Frenlist!",0,0,2,0,,"{'mentions': [{'start': 0, 'end': 9, 'username': 'RiLLz365', 'id': '19623877'}]}"
66,1532724459181842433,2022-06-03 14:02:42+00:00,True,@dachshundwizard ü´°ü§ù,0,1,6,0,,"{'mentions': [{'start': 0, 'end': 16, 'username': 'dachshundwizard', 'id': '15920137'}]}"
67,1532724309902430214,2022-06-03 14:02:06+00:00,True,"@theKoala_Man this is amazing, DM us your Discord tag for a Frenlist role! thank you for supporting us and sharing the kind words ‚ù§Ô∏è",0,1,1,0,,"{'mentions': [{'start': 0, 'end': 13, 'username': 'theKoala_Man', 'id': '3180743887'}]}"
68,1532723960894332935,2022-06-03 14:00:43+00:00,True,"@GrandRat our frens aren‚Äôt gendered, that will be up to the holder! however, we do have more traditionally feminine like traits incorporated in our collection too",0,1,1,0,,"{'mentions': [{'start': 0, 'end': 9, 'username': 'GrandRat', 'id': '1104183818578145280'}]}"
69,1532508116679524372,2022-06-02 23:43:02+00:00,False,we heard the cute meta is back and here to stay üëÄ https://t.co/XTa0KqQm4q,145,107,519,7,{'media_keys': ['3_1532508079383781376']},"{'urls': [{'start': 50, 'end': 73, 'url': 'https://t.co/XTa0KqQm4q', 'expanded_url': 'https://twitter.com/defi_frens/status/1532508116679524372/photo/1', 'display_url': 'pic.twitter.com/XTa0KqQm4q', 'media_key': '3_1532508079383781376'}]}"
70,1532409777317458480,2022-06-02 17:12:16+00:00,True,@lunarprojectnft @ everyone‚Ä¶ we‚Äôd love to hug you all!,6,9,44,0,,"{'mentions': [{'start': 0, 'end': 16, 'username': 'lunarprojectnft', 'id': '1511688228826333184'}]}"
71,1531781051147755520,2022-05-31 23:33:56+00:00,True,@Alexis11102772 v soon ;),1,0,16,0,,"{'mentions': [{'start': 0, 'end': 15, 'username': 'Alexis11102772', 'id': '1380573299625787397'}]}"
72,1531780834017132544,2022-05-31 23:33:04+00:00,False,Our frens in PFP form! Which one is your favorite? https://t.co/SOG3pdP8LI,113,91,375,11,"{'media_keys': ['3_1531779865594281988', '3_1531779865594277892', '3_1531779865598382082', '3_1531779865610960897']}","{'urls': [{'start': 51, 'end': 74, 'url': 'https://t.co/SOG3pdP8LI', 'expanded_url': 'https://twitter.com/defi_frens/status/1531780834017132544/photo/1', 'display_url': 'pic.twitter.com/SOG3pdP8LI', 'media_key': '3_1531779865594281988'}, {'start': 51, 'end': 74, 'url': 'https://t.co/SOG3pdP8LI', 'expanded_url': 'https://twitter.com/defi_frens/status/1531780834017132544/photo/1', 'display_url': 'pic.twitter.com/SOG3pdP8LI', 'media_key': '3_1531779865594277892'}, {'start': 51, 'end': 74, 'url': 'https://t.co/SOG3pdP8LI', 'expanded_url': 'https://twitter.com/defi_frens/status/1531780834017132544/photo/1', 'display_url': 'pic.twitter.com/SOG3pdP8LI', 'media_key': '3_1531779865598382082'}, {'start': 51, 'end': 74, 'url': 'https://t.co/SOG3pdP8LI', 'expanded_url': 'https://twitter.com/defi_frens/status/1531780834017132544/photo/1', 'display_url': 'pic.twitter.com/SOG3pdP8LI', 'media_key': '3_1531779865610960897'}]}"
73,1531113133758156800,2022-05-30 03:19:52+00:00,True,@BBRCOfficial the art goes too well together to not collab! ‚ù§Ô∏èü§ù,6,1,53,0,,"{'mentions': [{'start': 0, 'end': 13, 'username': 'BBRCOfficial', 'id': '1511596580683452418'}]}"
74,1531111893892575238,2022-05-30 03:14:56+00:00,False,"RT @BBRCOfficial: üî• Ivy Boys x Defi Frens NFT Giveaway üî•

Giving away 3 X Allowlist spots for 
@defi_frens, courtesy of the team!

To enter‚Ä¶",2748,0,0,0,,"{'mentions': [{'start': 3, 'end': 16, 'username': 'BBRCOfficial', 'id': '1511596580683452418'}, {'start': 95, 'end': 106, 'username': 'defi_frens', 'id': '1445443559063101465'}], 'annotations': [{'start': 32, 'end': 41, 'probability': 0.2227, 'type': 'Person', 'normalized_text': 'Defi Frens'}]}"
75,1530771790234017793,2022-05-29 04:43:29+00:00,False,"RT @nanoblackbox: ƒöÃµÃªÕçÃâÃàÃÅÃæ RÃ∏Ã†ÃóÃñÃ≠Ã£ÃØÃàÃÅÃÜÕÖ RÃ¥Ã¢Ã°Ã°ÕçÃ†ÃºÃüÃüÃ∞ÃùÕåÃëÃï OÃµÃ™ÃØÕôÕöÃüÕâÃ∫Ã£ÃÖÃÜÃøÕãÃêÃïÕù ≈îÃµÃõÃ≠Ã§ÃôÃüÃ™ÕàÃ•Ã©ÃñÃåÃÇÃáÃåÕú

‚ñ´Ô∏è[BLACK BOXES]ü§ù@defi_frens‚ñ´Ô∏è 

5 WL's -&gt; Twit‚Ä¶",2105,0,0,0,,"{'mentions': [{'start': 3, 'end': 16, 'username': 'nanoblackbox', 'id': '1483520254659928066'}, {'start': 109, 'end': 120, 'username': 'defi_frens', 'id': '1445443559063101465'}]}"
76,1530061872141148160,2022-05-27 05:42:32+00:00,True,"Thank you all for participating! Winners will be DM‚Äôd shortly. If you didn‚Äôt win there‚Äôs another chance for TEN SHIRTS in our Discord üòâ
https://t.co/CGF10aRS61",3,4,21,0,,"{'urls': [{'start': 136, 'end': 159, 'url': 'https://t.co/CGF10aRS61', 'expanded_url': 'https://twitterpicker.com/d/4bktb34k', 'display_url': 'twitterpicker.com/d/4bktb34k'}]}"
77,1529598191242334208,2022-05-25 23:00:02+00:00,False,"A new fren (quietly) approaches... ü•∑

Will you mint this 1/1? Coming very soon üëÄ https://t.co/GagHMOd1vw",163,97,498,15,{'media_keys': ['7_1529594482555076613']},"{'urls': [{'start': 81, 'end': 104, 'url': 'https://t.co/GagHMOd1vw', 'expanded_url': 'https://twitter.com/defi_frens/status/1529598191242334208/video/1', 'display_url': 'pic.twitter.com/GagHMOd1vw', 'media_key': '7_1529594482555076613'}]}"
78,1528529375670460417,2022-05-23 00:12:56+00:00,False,"üëï DEFI FRENS SHIRT + FRENLIST GIVEAWAY üëï 

- Like + RT
- Follow @DeFi_Frens
- Tag 3 frens who would wear this 

Good luck ‚ù§Ô∏è https://t.co/XMqjzBzE0N",1204,1212,1420,19,"{'media_keys': ['3_1528528904130011136', '3_1528528927706300416', '3_1528528950011613185']}","{'mentions': [{'start': 64, 'end': 75, 'username': 'defi_frens', 'id': '1445443559063101465'}], 'urls': [{'start': 125, 'end': 148, 'url': 'https://t.co/XMqjzBzE0N', 'expanded_url': 'https://twitter.com/defi_frens/status/1528529375670460417/photo/1', 'display_url': 'pic.twitter.com/XMqjzBzE0N', 'media_key': '3_1528528904130011136'}, {'start': 125, 'end': 148, 'url': 'https://t.co/XMqjzBzE0N', 'expanded_url': 'https://twitter.com/defi_frens/status/1528529375670460417/photo/1', 'display_url': 'pic.twitter.com/XMqjzBzE0N', 'media_key': '3_1528528927706300416'}, {'start': 125, 'end': 148, 'url': 'https://t.co/XMqjzBzE0N', 'expanded_url': 'https://twitter.com/defi_frens/status/1528529375670460417/photo/1', 'display_url': 'pic.twitter.com/XMqjzBzE0N', 'media_key': '3_1528528950011613185'}]}"
79,1527468489119760387,2022-05-20 01:57:21+00:00,True,@OmiSpooky ü´°,0,0,6,0,,"{'mentions': [{'start': 0, 'end': 10, 'username': 'OmiSpooky', 'id': '1128005836339666946'}]}"
80,1527426744545951773,2022-05-19 23:11:28+00:00,False,üëÄ https://t.co/2GqpgG9hp4,120,98,555,10,{'media_keys': ['3_1527426734592868370']},"{'urls': [{'start': 2, 'end': 25, 'url': 'https://t.co/2GqpgG9hp4', 'expanded_url': 'https://twitter.com/defi_frens/status/1527426744545951773/photo/1', 'display_url': 'pic.twitter.com/2GqpgG9hp4', 'media_key': '3_1527426734592868370'}]}"
81,1526707141624705025,2022-05-17 23:32:02+00:00,False,"If you fall, your frens will always have your back! https://t.co/gyHhQuDZ8D",160,86,576,9,{'media_keys': ['3_1526706867032018947']},"{'urls': [{'start': 52, 'end': 75, 'url': 'https://t.co/gyHhQuDZ8D', 'expanded_url': 'https://twitter.com/defi_frens/status/1526707141624705025/photo/1', 'display_url': 'pic.twitter.com/gyHhQuDZ8D', 'media_key': '3_1526706867032018947'}]}"
82,1526208405316288513,2022-05-16 14:30:14+00:00,False,gm frens :-),28,92,279,3,,
83,1524887145768443909,2022-05-12 23:00:01+00:00,False,time to get a job at DF Burger üò¨ https://t.co/thqU2vffja,184,130,764,13,{'media_keys': ['3_1524871159585595395']},"{'annotations': [{'start': 21, 'end': 29, 'probability': 0.6111, 'type': 'Organization', 'normalized_text': 'DF Burger'}], 'urls': [{'start': 33, 'end': 56, 'url': 'https://t.co/thqU2vffja', 'expanded_url': 'https://twitter.com/defi_frens/status/1524887145768443909/photo/1', 'display_url': 'pic.twitter.com/thqU2vffja', 'media_key': '3_1524871159585595395'}]}"
84,1524590119528931329,2022-05-12 03:19:44+00:00,False,"Our 1/1 legendary cosmic fren is bringing home a new specimen ü™ê 

What could it be? üëÄ https://t.co/EKqSpjVlaN",184,108,570,15,{'media_keys': ['7_1524589893934104579']},"{'urls': [{'start': 86, 'end': 109, 'url': 'https://t.co/EKqSpjVlaN', 'expanded_url': 'https://twitter.com/defi_frens/status/1524590119528931329/video/1', 'display_url': 'pic.twitter.com/EKqSpjVlaN', 'media_key': '7_1524589893934104579'}]}"
85,1524195181414825985,2022-05-11 01:10:24+00:00,True,"Winners üèÜ

‚Ä¢ @jodiplay2much 
‚Ä¢ @Aydenflinz 
‚Ä¢ @byraughn2 

We will DM you shortly with instructions!",2,5,25,2,,"{'mentions': [{'start': 13, 'end': 27, 'username': 'jodiplay2much', 'id': '1257946437570064384'}, {'start': 31, 'end': 42, 'username': 'Aydenflinz', 'id': '1506581471359750148'}, {'start': 46, 'end': 56, 'username': 'byraughn2', 'id': '1498243597472505856'}]}"
86,1523814975122386948,2022-05-09 23:59:35+00:00,False,"RT @HellofaPartyNFT: Demons living in a DeFi World üéâ

The process behind the DeFi Frens art is incredible and the shared passion with the t‚Ä¶",6213,0,0,0,,"{'mentions': [{'start': 3, 'end': 19, 'username': 'HellofaPartyNFT', 'id': '1491546130236194817'}], 'annotations': [{'start': 40, 'end': 49, 'probability': 0.3689, 'type': 'Other', 'normalized_text': 'DeFi World'}, {'start': 78, 'end': 91, 'probability': 0.3667, 'type': 'Other', 'normalized_text': 'DeFi Frens art'}]}"
87,1523623789623676928,2022-05-09 11:19:53+00:00,False,"RT @defi_frens: Just like Steph Curry, our art team does NOT miss! üò§ 

Giving away 3 frenlist (WL) spots, to enter: 

1. Guess the winners‚Ä¶",1920,0,0,0,,"{'mentions': [{'start': 3, 'end': 14, 'username': 'defi_frens', 'id': '1445443559063101465'}], 'annotations': [{'start': 26, 'end': 36, 'probability': 0.9919, 'type': 'Person', 'normalized_text': 'Steph Curry'}]}"
88,1523456682772156416,2022-05-09 00:15:52+00:00,True,"Don't forget to join our community on discord for more giveaways and chances at frenlist! 

https://t.co/O6L5cltcn8",13,10,75,0,,"{'urls': [{'start': 92, 'end': 115, 'url': 'https://t.co/O6L5cltcn8', 'expanded_url': 'http://discord.gg/defifrens', 'display_url': 'discord.gg/defifrens'}]}"
89,1523456625041805314,2022-05-09 00:15:38+00:00,False,"Just like Steph Curry, our art team does NOT miss! üò§ 

Giving away 3 frenlist (WL) spots, to enter: 

1. Guess the winners of Grizzlies vs Warriors
2. Like + RT
3. Follow @defi_frens 

Ends in 48 hours! üèÄ https://t.co/oZM6jl7Uak",1920,2374,2231,30,{'media_keys': ['7_1523453672872714240']},"{'mentions': [{'start': 171, 'end': 182, 'username': 'defi_frens', 'id': '1445443559063101465'}], 'annotations': [{'start': 10, 'end': 20, 'probability': 0.9929, 'type': 'Person', 'normalized_text': 'Steph Curry'}, {'start': 127, 'end': 135, 'probability': 0.8964, 'type': 'Organization', 'normalized_text': 'Grizzlies'}, {'start': 140, 'end': 147, 'probability': 0.8359, 'type': 'Organization', 'normalized_text': 'Warriors'}], 'urls': [{'start': 205, 'end': 228, 'url': 'https://t.co/oZM6jl7Uak', 'expanded_url': 'https://twitter.com/defi_frens/status/1523456625041805314/video/1', 'display_url': 'pic.twitter.com/oZM6jl7Uak', 'media_key': '7_1523453672872714240'}]}"
90,1522465158681051136,2022-05-06 06:35:54+00:00,True,@sandysnft We are hosting our events worldwide! Thank you to our frendly guardians @lancesanitynft and @sandysnft for coordinating in the Philippines ‚ù§Ô∏è,0,2,32,3,,"{'mentions': [{'start': 0, 'end': 10, 'username': 'sandysnft', 'id': '1463161301539045376'}, {'start': 83, 'end': 98, 'username': 'lancesanitynft', 'id': '1478410703815917568'}, {'start': 103, 'end': 113, 'username': 'sandysnft', 'id': '1463161301539045376'}], 'annotations': [{'start': 138, 'end': 148, 'probability': 0.9648, 'type': 'Place', 'normalized_text': 'Philippines'}]}"
91,1522464788588158976,2022-05-06 06:34:26+00:00,False,RT @sandysnft: @defi_frens irl game night ü´∂üèº https://t.co/aU4kFwVpbV,29,0,0,0,"{'media_keys': ['3_1522212062193401856', '3_1522212062180810753', '3_1522212062491201537', '3_1522212062772236288']}","{'mentions': [{'start': 3, 'end': 13, 'username': 'sandysnft', 'id': '1463161301539045376'}, {'start': 15, 'end': 26, 'username': 'defi_frens', 'id': '1445443559063101465'}], 'urls': [{'start': 45, 'end': 68, 'url': 'https://t.co/aU4kFwVpbV', 'expanded_url': 'https://twitter.com/sandysnft/status/1522212077854928897/photo/1', 'display_url': 'pic.twitter.com/aU4kFwVpbV', 'media_key': '3_1522212062193401856'}, {'start': 45, 'end': 68, 'url': 'https://t.co/aU4kFwVpbV', 'expanded_url': 'https://twitter.com/sandysnft/status/1522212077854928897/photo/1', 'display_url': 'pic.twitter.com/aU4kFwVpbV', 'media_key': '3_1522212062180810753'}, {'start': 45, 'end': 68, 'url': 'https://t.co/aU4kFwVpbV', 'expanded_url': 'https://twitter.com/sandysnft/status/1522212077854928897/photo/1', 'display_url': 'pic.twitter.com/aU4kFwVpbV', 'media_key': '3_1522212062491201537'}, {'start': 45, 'end': 68, 'url': 'https://t.co/aU4kFwVpbV', 'expanded_url': 'https://twitter.com/sandysnft/status/1522212077854928897/photo/1', 'display_url': 'pic.twitter.com/aU4kFwVpbV', 'media_key': '3_1522212062772236288'}]}"
92,1521653888364986368,2022-05-04 00:52:12+00:00,False,"Our frens know it's a marathon not a sprint.

Which outfit/background is your favorite? https://t.co/X8utVu67xE",212,174,726,20,{'media_keys': ['7_1521653382427168771']},"{'urls': [{'start': 88, 'end': 111, 'url': 'https://t.co/X8utVu67xE', 'expanded_url': 'https://twitter.com/defi_frens/status/1521653888364986368/video/1', 'display_url': 'pic.twitter.com/X8utVu67xE', 'media_key': '7_1521653382427168771'}]}"
93,1521345086264647681,2022-05-03 04:25:08+00:00,True,"Winners üèÜ

‚Ä¢ @liecheshixiang1 
‚Ä¢ @GaryPeePee 
‚Ä¢ @fliddyowns 
‚Ä¢ @BitAguirre 
‚Ä¢ @Salazarrooo 

We will DM you shortly with instructions!

‚úîÔ∏è https://t.co/slOQmYFjpr",4,4,23,3,,"{'mentions': [{'start': 13, 'end': 29, 'username': 'liecheshixiang1', 'id': '1480617171533189121'}, {'start': 33, 'end': 44, 'username': 'GaryPeePee', 'id': '711574764893167618'}, {'start': 48, 'end': 59, 'username': 'fliddyowns', 'id': '1461975651284439043'}, {'start': 63, 'end': 74, 'username': 'BitAguirre', 'id': '1416174887388033028'}, {'start': 78, 'end': 90, 'username': 'Salazarrooo', 'id': '1493186325457080329'}], 'urls': [{'start': 139, 'end': 162, 'url': 'https://t.co/slOQmYFjpr', 'expanded_url': 'https://twitterpicker.com/d/ybvtv5h6', 'display_url': 'twitterpicker.com/d/ybvtv5h6'}]}"
94,1520559631822581760,2022-05-01 00:24:01+00:00,True,@iCrazyTeddy @dragonxjin @KarafuruNFT üëÄ,0,0,3,0,,"{'mentions': [{'start': 0, 'end': 12, 'username': 'iCrazyTeddy', 'id': '961188343'}, {'start': 13, 'end': 24, 'username': 'dragonxjin', 'id': '1474076873332297729'}, {'start': 25, 'end': 37, 'username': 'KarafuruNFT', 'id': '1478581829271654400'}]}"
95,1520557244810731520,2022-05-01 00:14:32+00:00,False,"In celebration of our partnership with @KarafuruNFT, we are giving away 5x Frenlist (WL) spots! 

To enter:
1) Follow @defi_frens &amp; @KarafuruNFT 
2) Like &amp; RT
3) Tag your frens!

Giveaway ends in 48 hours ‚è≥

Btw, what do you think of these furu traits in our collection? üëÄ https://t.co/7LHBfve6Bj",6435,11922,6730,44,{'media_keys': ['7_1520552165558861824']},"{'mentions': [{'start': 39, 'end': 51, 'username': 'KarafuruNFT', 'id': '1478581829271654400'}, {'start': 118, 'end': 129, 'username': 'defi_frens', 'id': '1445443559063101465'}, {'start': 136, 'end': 148, 'username': 'KarafuruNFT', 'id': '1478581829271654400'}], 'urls': [{'start': 281, 'end': 304, 'url': 'https://t.co/7LHBfve6Bj', 'expanded_url': 'https://twitter.com/defi_frens/status/1520557244810731520/video/1', 'display_url': 'pic.twitter.com/7LHBfve6Bj', 'media_key': '7_1520552165558861824'}]}"
96,1519827970285842435,2022-04-28 23:56:39+00:00,False,"It's time to welcome all our frens into Discord!

Hop in here, follow the bouncer's instructions and we'll be granting full access to new members at random times every day.

https://t.co/LOR7svKbWX

Like &amp; RT for a chance to skip the line directly to the frenlist (WL) üòé https://t.co/7RDl3ClHNF",1294,454,1676,30,{'media_keys': ['3_1519827646389137416']},"{'urls': [{'start': 174, 'end': 197, 'url': 'https://t.co/LOR7svKbWX', 'expanded_url': 'https://discord.gg/defifrens', 'display_url': 'discord.gg/defifrens'}, {'start': 275, 'end': 298, 'url': 'https://t.co/7RDl3ClHNF', 'expanded_url': 'https://twitter.com/defi_frens/status/1519827970285842435/photo/1', 'display_url': 'pic.twitter.com/7RDl3ClHNF', 'media_key': '3_1519827646389137416'}]}"
97,1519539939070910464,2022-04-28 04:52:07+00:00,True,@KanekiNFT2 @dragonxjin @niceguykoy thank you for blessing us with your amazing voice!,1,1,7,0,,"{'mentions': [{'start': 0, 'end': 11, 'username': 'KanekiNFT2', 'id': '1512363299853066243'}, {'start': 12, 'end': 23, 'username': 'dragonxjin', 'id': '1474076873332297729'}, {'start': 24, 'end': 35, 'username': 'niceguykoy', 'id': '1497431916340908034'}]}"
98,1519175863740284928,2022-04-27 04:45:25+00:00,True,@aldreeen @dragonxjin thank you for attending! we also have 9 other weekly events that @dragonxjin would love to see you in üëÄ,1,0,8,0,,"{'mentions': [{'start': 0, 'end': 9, 'username': 'aldreeen', 'id': '599055232'}, {'start': 10, 'end': 21, 'username': 'dragonxjin', 'id': '1474076873332297729'}, {'start': 87, 'end': 98, 'username': 'dragonxjin', 'id': '1474076873332297729'}]}"
99,1519146107183374336,2022-04-27 02:47:10+00:00,True,@fridgeintheopen ü§ù,1,1,27,0,,"{'mentions': [{'start': 0, 'end': 16, 'username': 'fridgeintheopen', 'id': '1448248067480698881'}]}"
100,1519144345198157824,2022-04-27 02:40:10+00:00,False,"What goes into making a DeFi Fren ‚Äçüé®

We are not your average 3D animated project, this is a glimpse at the process behind creating high quality art üí´ 

How we‚Äôre building a community accessible open-source tool to help artists bring their work to life: https://t.co/3jfSk8rgFD https://t.co/yEi37cZLfd",138,60,450,11,{'media_keys': ['7_1519144095163199489']},"{'annotations': [{'start': 24, 'end': 38, 'probability': 0.2633, 'type': 'Product', 'normalized_text': 'DeFi Fren \u200düé®'}], 'urls': [{'start': 254, 'end': 277, 'url': 'https://t.co/3jfSk8rgFD', 'expanded_url': 'http://medium.com/@defi-frens/e702763cc35c', 'display_url': 'medium.com/@defi-frens/e7‚Ä¶'}, {'start': 278, 'end': 301, 'url': 'https://t.co/yEi37cZLfd', 'expanded_url': 'https://twitter.com/defi_frens/status/1519144345198157824/video/1', 'display_url': 'pic.twitter.com/yEi37cZLfd', 'media_key': '7_1519144095163199489'}]}"
101,1518857420663054336,2022-04-26 07:40:02+00:00,True,@keenan_hodl welcome fren!,1,1,4,0,,"{'mentions': [{'start': 0, 'end': 12, 'username': 'keenan_hodl', 'id': '178802722'}]}"
102,1518599368990883841,2022-04-25 14:34:38+00:00,True,@AnimoNFT ü§ù,1,1,13,0,,"{'mentions': [{'start': 0, 'end': 9, 'username': 'AnimoNFT', 'id': '1437830526312796161'}]}"
103,1518427010191699969,2022-04-25 03:09:44+00:00,False,"RT @dragonxjin: Had such a great time at our DeFi Frens meet up :) 

Thank you @SleepyLuETH for celebrating your ninth anniversary with us‚Ä¶",35,0,0,0,,"{'annotations': [{'start': 45, 'end': 54, 'probability': 0.4833, 'type': 'Organization', 'normalized_text': 'DeFi Frens'}], 'mentions': [{'start': 3, 'end': 14, 'username': 'dragonxjin', 'id': '1474076873332297729'}, {'start': 79, 'end': 91, 'username': 'SleepyLuETH', 'id': '1355979001181958144'}]}"
104,1518419410301726720,2022-04-25 02:39:32+00:00,True,@mellorinenft @AnimoNFT the frog fren will reign‚Ä¶ supreme!!!,0,1,3,0,,"{'mentions': [{'start': 14, 'end': 23, 'username': 'AnimoNFT', 'id': '1437830526312796161'}]}"
105,1518419273391251456,2022-04-25 02:39:00+00:00,True,@niceguykoy @AnimoNFT where are we going? üê∏,1,10,29,0,,"{'mentions': [{'start': 0, 'end': 11, 'username': 'niceguykoy', 'id': '1497431916340908034'}, {'start': 12, 'end': 21, 'username': 'AnimoNFT', 'id': '1437830526312796161'}]}"
106,1518418948546514956,2022-04-25 02:37:42+00:00,True,@SleepyLuETH @dragonxjin happy nine year anniversary! the frens are sending love ‚ù§Ô∏è,0,0,3,0,,"{'mentions': [{'start': 0, 'end': 12, 'username': 'SleepyLuETH', 'id': '1355979001181958144'}, {'start': 13, 'end': 24, 'username': 'dragonxjin', 'id': '1474076873332297729'}]}"
107,1518376479146397696,2022-04-24 23:48:57+00:00,True,@AlexTheGreatEth @AnimoNFT yes it will üëÄ,0,0,1,0,,"{'mentions': [{'start': 0, 'end': 16, 'username': 'AlexTheGreatEth', 'id': '1362250846113685504'}, {'start': 17, 'end': 26, 'username': 'AnimoNFT', 'id': '1437830526312796161'}]}"
108,1518320630600413184,2022-04-24 20:07:02+00:00,False,"The frens have taken over the mechs!

Defi Frens x @AnimoNFT ü§ñ https://t.co/XJ1hBBFjVH",313,250,1064,27,{'media_keys': ['7_1518314294395375616']},"{'mentions': [{'start': 51, 'end': 60, 'username': 'AnimoNFT', 'id': '1437830526312796161'}], 'urls': [{'start': 63, 'end': 86, 'url': 'https://t.co/XJ1hBBFjVH', 'expanded_url': 'https://twitter.com/defi_frens/status/1518320630600413184/video/1', 'display_url': 'pic.twitter.com/XJ1hBBFjVH', 'media_key': '7_1518314294395375616'}]}"
109,1518041450788753409,2022-04-24 01:37:40+00:00,False,"thank you to those who came to our IRL game night in NYC with our co-founder @dragonxjin, we can‚Äôt wait to meet more frens at more IRL events in the near future ‚ù§Ô∏è https://t.co/N8JWLqhdWO",83,58,382,8,{'media_keys': ['3_1518041200195825664']},"{'annotations': [{'start': 53, 'end': 55, 'probability': 0.9967, 'type': 'Place', 'normalized_text': 'NYC'}], 'mentions': [{'start': 77, 'end': 88, 'username': 'dragonxjin', 'id': '1474076873332297729'}], 'urls': [{'start': 164, 'end': 187, 'url': 'https://t.co/N8JWLqhdWO', 'expanded_url': 'https://twitter.com/defi_frens/status/1518041450788753409/photo/1', 'display_url': 'pic.twitter.com/N8JWLqhdWO', 'media_key': '3_1518041200195825664'}]}"
110,1517758206461632512,2022-04-23 06:52:09+00:00,True,@ohDotss üëãüèº,1,4,24,0,,"{'mentions': [{'start': 0, 'end': 8, 'username': 'ohDotss', 'id': '1401536806978457602'}]}"
111,1517626872338653185,2022-04-22 22:10:17+00:00,True,@NFTmickrich üöÄ,0,0,5,0,,"{'mentions': [{'start': 0, 'end': 12, 'username': 'NFTmickrich', 'id': '1454477673577816064'}]}"
112,1517624769830526976,2022-04-22 22:01:55+00:00,True,@huncho_eth üëÄ,1,4,3,0,,"{'mentions': [{'start': 0, 'end': 11, 'username': 'huncho_eth', 'id': '1495286869927604228'}]}"
113,1517606695232495619,2022-04-22 20:50:06+00:00,False,"Our frens showcasing some of the different animations in our collection üëÄ

But where are they going? ü§î Best answers will be rewarded! https://t.co/0DuYn9zAHp",334,469,985,36,{'media_keys': ['7_1517606585966764035']},"{'urls': [{'start': 134, 'end': 157, 'url': 'https://t.co/0DuYn9zAHp', 'expanded_url': 'https://twitter.com/defi_frens/status/1517606695232495619/video/1', 'display_url': 'pic.twitter.com/0DuYn9zAHp', 'media_key': '7_1517606585966764035'}]}"
114,1516867748810444803,2022-04-20 19:53:48+00:00,True,@KarafuruNFT Furu ü§ù Frens,26,13,133,1,,"{'mentions': [{'start': 0, 'end': 12, 'username': 'KarafuruNFT', 'id': '1478581829271654400'}]}"
115,1516856711079890946,2022-04-20 19:09:56+00:00,False,RT @KarafuruNFT: Chillin with our @defi_frens at the playground üåà,232,0,0,0,,"{'mentions': [{'start': 3, 'end': 15, 'username': 'KarafuruNFT', 'id': '1478581829271654400'}, {'start': 34, 'end': 45, 'username': 'defi_frens', 'id': '1445443559063101465'}]}"
116,1516582970773045253,2022-04-20 01:02:11+00:00,False,"We are excited to announce we will officially be joining the colorful playground of @KarafuruNFT with a long-term partnership! 

Be on the lookout for this 1/1 Furu Fren üëÄ https://t.co/J6j4iTiMov",416,217,1415,38,{'media_keys': ['7_1516582654438567941']},"{'mentions': [{'start': 84, 'end': 96, 'username': 'KarafuruNFT', 'id': '1478581829271654400'}], 'urls': [{'start': 172, 'end': 195, 'url': 'https://t.co/J6j4iTiMov', 'expanded_url': 'https://twitter.com/defi_frens/status/1516582970773045253/video/1', 'display_url': 'pic.twitter.com/J6j4iTiMov', 'media_key': '7_1516582654438567941'}]}"
117,1515563153383469060,2022-04-17 05:29:48+00:00,True,@chowderwehe @selinalikesnfts @AkameNFTs @owen_web3 who was the funniest contender ü§î,0,4,12,0,,"{'mentions': [{'start': 0, 'end': 12, 'username': 'chowderwehe', 'id': '1495251944885026818'}, {'start': 13, 'end': 29, 'username': 'selinalikesnfts', 'id': '1495983520765726725'}, {'start': 30, 'end': 40, 'username': 'AkameNFTs', 'id': '1108478945849159681'}, {'start': 41, 'end': 51, 'username': 'owen_web3', 'id': '1503796685939560448'}]}"
118,1515109607441588230,2022-04-15 23:27:34+00:00,False,"Cute? 3D? Anime? 

Are we missing anything in this legendary? üëÄ https://t.co/QNbDIivzNq",382,283,1322,41,{'media_keys': ['7_1515109169833156608']},"{'urls': [{'start': 64, 'end': 87, 'url': 'https://t.co/QNbDIivzNq', 'expanded_url': 'https://twitter.com/defi_frens/status/1515109607441588230/video/1', 'display_url': 'pic.twitter.com/QNbDIivzNq', 'media_key': '7_1515109169833156608'}]}"
119,1514827294845685762,2022-04-15 04:45:45+00:00,True,@niceguykoy üì±üéµ,4,2,22,0,,"{'mentions': [{'start': 0, 'end': 11, 'username': 'niceguykoy', 'id': '1497431916340908034'}]}"
120,1514392270342086667,2022-04-13 23:57:07+00:00,False,Keep your head up kings &amp; queens üëë https://t.co/K8Vr3DsAcD,300,140,1039,22,{'media_keys': ['7_1514391453669236736']},"{'urls': [{'start': 39, 'end': 62, 'url': 'https://t.co/K8Vr3DsAcD', 'expanded_url': 'https://twitter.com/defi_frens/status/1514392270342086667/video/1', 'display_url': 'pic.twitter.com/K8Vr3DsAcD', 'media_key': '7_1514391453669236736'}]}"
121,1513973464901767178,2022-04-12 20:12:56+00:00,True,@lynnbailey1111 @DefiFriends thank you for being part of the event! our goal was to uplift anyone going through a rough time,0,3,12,0,,"{'mentions': [{'start': 0, 'end': 15, 'username': 'lynnbailey1111', 'id': '17936709'}, {'start': 16, 'end': 28, 'username': 'DefiFriends', 'id': '1379930715870101505'}]}"
122,1513260138651475968,2022-04-10 20:58:26+00:00,False,"It‚Äôs official, Kingz x Frens ü§ù

Discover a handful of unique @KaijuKingz outfits throughout our collection üëÄ https://t.co/ZiyR5tqiiB",392,162,1363,30,{'media_keys': ['7_1513239108118016001']},"{'mentions': [{'start': 61, 'end': 72, 'username': 'KaijuKingz', 'id': '1444937781441187842'}], 'urls': [{'start': 109, 'end': 132, 'url': 'https://t.co/ZiyR5tqiiB', 'expanded_url': 'https://twitter.com/defi_frens/status/1513260138651475968/video/1', 'display_url': 'pic.twitter.com/ZiyR5tqiiB', 'media_key': '7_1513239108118016001'}]}"
123,1512583617951764493,2022-04-09 00:10:11+00:00,True,"Congratulations to the 2 Winners üèÜ
‚Ä¢ @Rocket9xd
‚Ä¢ @itsdelro

‚úîÔ∏è https://t.co/60SJDsEFOO

We will DM you for your details shortly!",8,10,84,1,,"{'mentions': [{'start': 37, 'end': 47, 'username': 'Rocket9xd', 'id': '101758531'}, {'start': 50, 'end': 59, 'username': 'itsdelro', 'id': '1446528215556636676'}], 'urls': [{'start': 64, 'end': 87, 'url': 'https://t.co/60SJDsEFOO', 'expanded_url': 'https://twitterpicker.com/d/6u76dfwb', 'display_url': 'twitterpicker.com/d/6u76dfwb'}]}"
124,1512550014182215683,2022-04-08 21:56:39+00:00,True,"Additionally, a portion of the NFTs minted to our project wallet will also be blanks, this will allow us to keep many doors open.

Some examples about how it can be used: 
- future collabsüëÄ
- special auctions
- contests &amp; giveaways",17,7,193,1,,
125,1512550012928110595,2022-04-08 21:56:39+00:00,True,"You will get to work directly with our extremely talented artist @champuchinito to customize your own 1/1. 

Create your life long fren however you want.

The ball is in your courtüòâ",20,5,191,0,,"{'mentions': [{'start': 65, 'end': 79, 'username': 'champuchinito', 'id': '71433544'}]}"
126,1512550011669786635,2022-04-08 21:56:39+00:00,True,"Blanks can (and will) play many roles...

Blanks will be VERY RARE pieces within our collection that a lucky few will be able mint. 

These NFTs will have a placeholder image and will let you completely customize your fren!üé®",10,2,100,0,,
127,1512550006435233795,2022-04-08 21:56:38+00:00,False,"Introducing DeFi Frens Blanks!

A new utility directly connecting community members with the art behind the projectüëÄ

But what are they?ü§î

A threadüßµ: https://t.co/hJI3YRgKa6",257,100,781,39,{'media_keys': ['3_1512548046143434763']},"{'annotations': [{'start': 12, 'end': 28, 'probability': 0.3125, 'type': 'Product', 'normalized_text': 'DeFi Frens Blanks'}], 'urls': [{'start': 150, 'end': 173, 'url': 'https://t.co/hJI3YRgKa6', 'expanded_url': 'https://twitter.com/defi_frens/status/1512550006435233795/photo/1', 'display_url': 'pic.twitter.com/hJI3YRgKa6', 'media_key': '3_1512548046143434763'}]}"
128,1512548079324516361,2022-04-08 21:48:58+00:00,True,@HellboyNFTs @MurrNFT @dragonxjin Thank you both for being such great members of our community! This is what we‚Äôre all about :),5,2,15,0,,"{'mentions': [{'start': 0, 'end': 12, 'username': 'HellboyNFTs', 'id': '1490350779806461958'}, {'start': 13, 'end': 21, 'username': 'MurrNFT', 'id': '1491501528137482248'}, {'start': 22, 'end': 33, 'username': 'dragonxjin', 'id': '1474076873332297729'}]}"
129,1511896522740359168,2022-04-07 02:39:55+00:00,True,@Arkaiju @projectPXN The DeFi Frens like you too ü•µüëÄ,4,10,85,0,,"{'annotations': [{'start': 25, 'end': 34, 'probability': 0.3244, 'type': 'Person', 'normalized_text': 'DeFi Frens'}], 'mentions': [{'start': 0, 'end': 8, 'username': 'arkaiju', 'id': '1517522743729741824'}, {'start': 9, 'end': 20, 'username': 'projectPXN', 'id': '1465940862928658437'}]}"
130,1511841188923510787,2022-04-06 23:00:02+00:00,False,"A new fren has emerged from the shadows‚Ä¶ üëª

DeFi Frens have officially joined the Phantom Network üëπ

2 x WL Giveaway:
Follow @projectPXN &amp; @defi_frens
Like + RT and tag your frens
Ends in 48 hours ‚åõ

We will be giving even more spots to our Discord community üëÄ https://t.co/NQYd3DHfxx",11053,16544,11780,101,{'media_keys': ['7_1511836197198385153']},"{'mentions': [{'start': 125, 'end': 136, 'username': 'projectPXN', 'id': '1465940862928658437'}, {'start': 143, 'end': 154, 'username': 'defi_frens', 'id': '1445443559063101465'}], 'urls': [{'start': 265, 'end': 288, 'url': 'https://t.co/NQYd3DHfxx', 'expanded_url': 'https://twitter.com/defi_frens/status/1511841188923510787/video/1', 'display_url': 'pic.twitter.com/NQYd3DHfxx', 'media_key': '7_1511836197198385153'}]}"
131,1511120119589740553,2022-04-04 23:14:46+00:00,False,"A 1/1 fren has escaped from the lab! üß™ 

Proud to officially announce our collaboration with @kaijukingz ü§ù 

And this is just the beginning‚Ä¶ üòà https://t.co/JVTMrbRRQt",527,270,1665,36,{'media_keys': ['7_1511117996571471875']},"{'mentions': [{'start': 93, 'end': 104, 'username': 'KaijuKingz', 'id': '1444937781441187842'}], 'urls': [{'start': 143, 'end': 166, 'url': 'https://t.co/JVTMrbRRQt', 'expanded_url': 'https://twitter.com/defi_frens/status/1511120119589740553/video/1', 'display_url': 'pic.twitter.com/JVTMrbRRQt', 'media_key': '7_1511117996571471875'}]}"
132,1510045896733462530,2022-04-02 00:06:11+00:00,True,"thank you everybody for coming out, nice meeting up with our new frens! ‚ù§Ô∏è",12,10,155,0,,
133,1510020486620667910,2022-04-01 22:25:13+00:00,False,scavenger hunt: the first 10 frens to find our co-founders in NYC and say hi will be frenlisted! https://t.co/IliENY29IN,79,143,553,7,{'media_keys': ['3_1510020478789894145']},"{'annotations': [{'start': 62, 'end': 64, 'probability': 0.9945, 'type': 'Place', 'normalized_text': 'NYC'}], 'urls': [{'start': 97, 'end': 120, 'url': 'https://t.co/IliENY29IN', 'expanded_url': 'https://twitter.com/defi_frens/status/1510020486620667910/photo/1', 'display_url': 'pic.twitter.com/IliENY29IN', 'media_key': '3_1510020478789894145'}]}"
134,1509310308690677761,2022-03-30 23:23:13+00:00,False,"btw, all 5,555 frens will be ANIMATED! https://t.co/kflhxqzfip",1004,566,3422,85,{'media_keys': ['7_1509308792000950278']},"{'urls': [{'start': 39, 'end': 62, 'url': 'https://t.co/kflhxqzfip', 'expanded_url': 'https://twitter.com/defi_frens/status/1509310308690677761/video/1', 'display_url': 'pic.twitter.com/kflhxqzfip', 'media_key': '7_1509308792000950278'}]}"
135,1508577432269377540,2022-03-28 22:51:02+00:00,False,"We‚Äôve been in the lab working on partnerships üß™ 

DeFi Frens X [REDACTED] soon üëÄ https://t.co/QMf02La1ky",421,225,1436,39,{'media_keys': ['3_1508575460178939907']},"{'urls': [{'start': 81, 'end': 104, 'url': 'https://t.co/QMf02La1ky', 'expanded_url': 'https://twitter.com/defi_frens/status/1508577432269377540/photo/1', 'display_url': 'pic.twitter.com/QMf02La1ky', 'media_key': '3_1508575460178939907'}]}"
136,1507611006759063552,2022-03-26 06:50:48+00:00,True,"@benryan98e @dragonxjin @niceguykoy @selinalikesnfts @champuchinito Only type of rug you will see from us, great job! DM us your Discord tag!",1,2,24,0,,"{'mentions': [{'start': 0, 'end': 11, 'username': 'benryan98e', 'id': '1420787083422089221'}, {'start': 12, 'end': 23, 'username': 'dragonxjin', 'id': '1474076873332297729'}, {'start': 24, 'end': 35, 'username': 'niceguykoy', 'id': '1497431916340908034'}, {'start': 36, 'end': 52, 'username': 'selinalikesnfts', 'id': '1495983520765726725'}, {'start': 53, 'end': 67, 'username': 'champuchinito', 'id': '71433544'}]}"
137,1507610817260404737,2022-03-26 06:50:03+00:00,True,"@ShillsOfASAP @HexoCrypto @0x_ib3 @dragonxjin @champuchinito @0x_DBOY We love seeing the community be creative, DM us your Discord tag!",1,7,38,0,,"{'mentions': [{'start': 0, 'end': 13, 'username': 'ShillsOfASAP', 'id': '1483643417833861120'}, {'start': 14, 'end': 25, 'username': 'HexoCrypto', 'id': '389255253'}, {'start': 26, 'end': 33, 'username': '0x_ib3', 'id': '1970116705'}, {'start': 34, 'end': 45, 'username': 'dragonxjin', 'id': '1474076873332297729'}, {'start': 46, 'end': 60, 'username': 'champuchinito', 'id': '71433544'}, {'start': 61, 'end': 69, 'username': '0x_DBOY', 'id': '1439458841540841474'}]}"
138,1507394100655542273,2022-03-25 16:28:54+00:00,False,gm :-),91,225,699,3,,
139,1507059334106292232,2022-03-24 18:18:39+00:00,True,@skizcrypto üëÄ,1,1,10,0,,"{'mentions': [{'start': 0, 'end': 11, 'username': 'skizcrypto', 'id': '1460347699639644163'}]}"
140,1506769417425895435,2022-03-23 23:06:38+00:00,False,ready to hit the slopes üèÇ https://t.co/AQCmkrjLsY,307,140,1407,14,{'media_keys': ['3_1506768497766019072']},"{'urls': [{'start': 26, 'end': 49, 'url': 'https://t.co/AQCmkrjLsY', 'expanded_url': 'https://twitter.com/defi_frens/status/1506769417425895435/photo/1', 'display_url': 'pic.twitter.com/AQCmkrjLsY', 'media_key': '3_1506768497766019072'}]}"
141,1506358894418821121,2022-03-22 19:55:21+00:00,False,"we're about to kick off our AMA with @The_OpenDAO, come listen to @0x_ib3 chat about @defi_frens with @TheMiamiApe &amp; @cyborg_654!

https://t.co/Qn8tNHOD3Q https://t.co/J8qpWWs3xx",52,15,242,1,,"{'mentions': [{'start': 37, 'end': 49, 'username': 'The_OpenDAO', 'id': '1474132989537918986'}, {'start': 66, 'end': 73, 'username': '0x_ib3', 'id': '1970116705'}, {'start': 85, 'end': 96, 'username': 'defi_frens', 'id': '1445443559063101465'}, {'start': 102, 'end': 114, 'username': 'TheMiamiApe', 'id': '165702056'}, {'start': 121, 'end': 132, 'username': 'cyborg_654', 'id': '2761601929'}], 'urls': [{'start': 135, 'end': 158, 'url': 'https://t.co/Qn8tNHOD3Q', 'expanded_url': 'https://twitter.com/i/spaces/1mnxedEBoaWJX', 'display_url': 'twitter.com/i/spaces/1mnxe‚Ä¶'}, {'start': 159, 'end': 182, 'url': 'https://t.co/J8qpWWs3xx', 'expanded_url': 'https://twitter.com/The_OpenDAO/status/1506255850087796745', 'display_url': 'twitter.com/The_OpenDAO/st‚Ä¶'}]}"
142,1504962614388039683,2022-03-18 23:27:02+00:00,False,The DeFi Frens x @WARDELL416 Valorant tournament will be streamed tomorrow @ 6PM EST! Make sure you tune in at https://t.co/xYUwRWd5rN https://t.co/iH5EsGIyTr,138,53,728,13,{'media_keys': ['3_1504961761723756545']},"{'annotations': [{'start': 4, 'end': 13, 'probability': 0.2585, 'type': 'Other', 'normalized_text': 'DeFi Frens'}], 'mentions': [{'start': 17, 'end': 28, 'username': 'WARDELL416', 'id': '3583500497'}], 'urls': [{'start': 111, 'end': 134, 'url': 'https://t.co/xYUwRWd5rN', 'expanded_url': 'https://www.twitch.tv/defi_frens', 'display_url': 'twitch.tv/defi_frens'}, {'start': 135, 'end': 158, 'url': 'https://t.co/iH5EsGIyTr', 'expanded_url': 'https://twitter.com/defi_frens/status/1504962614388039683/photo/1', 'display_url': 'pic.twitter.com/iH5EsGIyTr', 'media_key': '3_1504961761723756545'}]}"
143,1504231040168071170,2022-03-16 23:00:01+00:00,False,"choices choices.. our frens will have over 100,000 combinations to choose from! https://t.co/5s23zDto2x",319,155,1256,22,{'media_keys': ['3_1504223978210181120']},"{'urls': [{'start': 80, 'end': 103, 'url': 'https://t.co/5s23zDto2x', 'expanded_url': 'https://twitter.com/defi_frens/status/1504231040168071170/photo/1', 'display_url': 'pic.twitter.com/5s23zDto2x', 'media_key': '3_1504223978210181120'}]}"
144,1502060232503181313,2022-03-10 23:14:01+00:00,False,our frens are arguing about whether pineapple belongs on pizza or not... what's your take? https://t.co/jalZfYX2bU,283,407,1345,21,{'media_keys': ['3_1502059809419501569']},"{'urls': [{'start': 91, 'end': 114, 'url': 'https://t.co/jalZfYX2bU', 'expanded_url': 'https://twitter.com/defi_frens/status/1502060232503181313/photo/1', 'display_url': 'pic.twitter.com/jalZfYX2bU', 'media_key': '3_1502059809419501569'}]}"
145,1501000090076467206,2022-03-08 01:01:23+00:00,False,"https://t.co/lFmT2j8JCP 
see you there! https://t.co/JrqEoJeY7C",485,239,1631,41,{'media_keys': ['7_1500999901538304000']},"{'urls': [{'start': 0, 'end': 23, 'url': 'https://t.co/lFmT2j8JCP', 'expanded_url': 'http://defifrens.io', 'display_url': 'defifrens.io'}, {'start': 40, 'end': 63, 'url': 'https://t.co/JrqEoJeY7C', 'expanded_url': 'https://twitter.com/defi_frens/status/1501000090076467206/video/1', 'display_url': 'pic.twitter.com/JrqEoJeY7C', 'media_key': '7_1500999901538304000'}]}"
146,1499895646941286403,2022-03-04 23:52:43+00:00,False,fierce or cute? we can't decide https://t.co/xIx0P0XGAU,354,358,1746,23,{'media_keys': ['3_1499895531891531776']},"{'urls': [{'start': 32, 'end': 55, 'url': 'https://t.co/xIx0P0XGAU', 'expanded_url': 'https://twitter.com/defi_frens/status/1499895646941286403/photo/1', 'display_url': 'pic.twitter.com/xIx0P0XGAU', 'media_key': '3_1499895531891531776'}]}"
147,1499051917334487045,2022-03-02 16:00:02+00:00,False,gm frens https://t.co/0fx833IKT1,294,188,1437,13,{'media_keys': ['16_1498835235395489793']},"{'urls': [{'start': 9, 'end': 32, 'url': 'https://t.co/0fx833IKT1', 'expanded_url': 'https://twitter.com/defi_frens/status/1499051917334487045/photo/1', 'display_url': 'pic.twitter.com/0fx833IKT1', 'media_key': '16_1498835235395489793'}]}"
148,1498394416402165761,2022-02-28 20:27:22+00:00,False,"RT @0x_ib3: excited to be chatting with @classicmitchup &amp; @Jacob___Meyer over at @Metaverse_HQ in 10 mins, drop by to hear more about what‚Ä¶",35,0,0,0,,"{'mentions': [{'start': 3, 'end': 10, 'username': '0x_ib3', 'id': '1970116705'}, {'start': 40, 'end': 55, 'username': 'classicmitchup', 'id': '1155337969'}, {'start': 62, 'end': 76, 'username': 'Jacob___Meyer', 'id': '2266110662'}, {'start': 85, 'end': 98, 'username': 'Metaverse_HQ', 'id': '1355454765573033984'}]}"
149,1498394364212506624,2022-02-28 20:27:09+00:00,False,come hang out and learn more about what we've been working on in our first Twitter Spaces w/ @Metaverse_HQ https://t.co/S3krG4JVVl,43,21,237,0,,"{'annotations': [{'start': 75, 'end': 81, 'probability': 0.5823, 'type': 'Product', 'normalized_text': 'Twitter'}], 'mentions': [{'start': 93, 'end': 106, 'username': 'Metaverse_HQ', 'id': '1355454765573033984'}], 'urls': [{'start': 107, 'end': 130, 'url': 'https://t.co/S3krG4JVVl', 'expanded_url': 'https://twitter.com/Metaverse_HQ/status/1498392753893371905', 'display_url': 'twitter.com/Metaverse_HQ/s‚Ä¶'}]}"
150,1497766053442580482,2022-02-27 02:50:28+00:00,True,"2nd-5th that will receive frenlist:

2nd. @PNtetNFT
3rd. @jaesteez1
4th. @TobioKETH
5th. @jordantseng
 
and 6th-10th will be welcomed into the frens zone/promoted!
@lulu67441662 @dogneverdisturb
@Constan52964891 @NomiruaNomi @chadmichaelg
 
will dm everyone in the coming days! ‚ù§Ô∏è",12,16,131,2,,"{'mentions': [{'start': 42, 'end': 51, 'username': 'PNtetNFT', 'id': '309316205'}, {'start': 57, 'end': 67, 'username': 'jaesteez1', 'id': '1370185409599131654'}, {'start': 73, 'end': 83, 'username': 'TobioKETH', 'id': '309435879'}, {'start': 89, 'end': 101, 'username': 'jordantseng', 'id': '1000929396704907264'}, {'start': 178, 'end': 194, 'username': 'dogneverdisturb', 'id': '846582967'}, {'start': 195, 'end': 211, 'username': 'Constan52964891', 'id': '1490013229560451075'}, {'start': 212, 'end': 224, 'username': 'NomiruaNomi', 'id': '2799323014'}, {'start': 225, 'end': 238, 'username': 'chadmichaelg', 'id': '1219815639419740161'}]}"
151,1497765599983853569,2022-02-27 02:48:40+00:00,False,"the community has voted! congratulations to @ThirstyWalrus88 on winning our fan art contest, you've definitely earned your free mint üòâ

we would like to once again thank everyone who participated and shared their amazing art with us! https://t.co/MylA9NVOA1",89,39,563,2,{'media_keys': ['3_1497764133365821441']},"{'mentions': [{'start': 44, 'end': 60, 'username': 'ThirstyWalrus88', 'id': '1458010272883302401'}], 'urls': [{'start': 234, 'end': 257, 'url': 'https://t.co/MylA9NVOA1', 'expanded_url': 'https://twitter.com/defi_frens/status/1497765599983853569/photo/1', 'display_url': 'pic.twitter.com/MylA9NVOA1', 'media_key': '3_1497764133365821441'}]}"
152,1497691809396531206,2022-02-26 21:55:27+00:00,False,RT @dragonxjin: THANK YOU EVERYONE THAT CAME OUT WE WERE ALL OUT IN TEN MINUTES ‚ù§Ô∏è,29,0,0,0,,"{'mentions': [{'start': 3, 'end': 14, 'username': 'dragonxjin', 'id': '1474076873332297729'}]}"
153,1497394050537705473,2022-02-26 02:12:16+00:00,False,"we are excited to officially announce that our collection will consist of 5,555 frens! https://t.co/dqNcIm3jt4",352,168,1519,13,{'media_keys': ['3_1497393972985188352']},"{'urls': [{'start': 87, 'end': 110, 'url': 'https://t.co/dqNcIm3jt4', 'expanded_url': 'https://twitter.com/defi_frens/status/1497394050537705473/photo/1', 'display_url': 'pic.twitter.com/dqNcIm3jt4', 'media_key': '3_1497393972985188352'}]}"
154,1496637133116907520,2022-02-24 00:04:33+00:00,False,"thank you all for your amazing submissions, it's incredible to see how much talent is in our community! submissions are now closed, we will be making a shortlist and hold a vote in our discord to decide the winners ‚ù§Ô∏è https://t.co/oOBjWYbK8p",52,40,316,0,,"{'urls': [{'start': 218, 'end': 241, 'url': 'https://t.co/oOBjWYbK8p', 'expanded_url': 'https://twitter.com/defi_frens/status/1494104037456846850', 'display_url': 'twitter.com/defi_frens/sta‚Ä¶'}]}"
155,1495918296411033605,2022-02-22 00:28:09+00:00,False,our developer fren is working hard on the final touches of our website! https://t.co/XC0KaENict,230,154,1142,9,{'media_keys': ['3_1495918236252221445']},"{'urls': [{'start': 72, 'end': 95, 'url': 'https://t.co/XC0KaENict', 'expanded_url': 'https://twitter.com/defi_frens/status/1495918296411033605/photo/1', 'display_url': 'pic.twitter.com/XC0KaENict', 'media_key': '3_1495918236252221445'}]}"
156,1494847095009861635,2022-02-19 01:31:35+00:00,False,a fren from another planet is trying to say something.. can you help us decipher it? üëΩ https://t.co/5qfh9s7enB,70,117,587,5,{'media_keys': ['3_1494846549075058694']},"{'urls': [{'start': 87, 'end': 110, 'url': 'https://t.co/5qfh9s7enB', 'expanded_url': 'https://twitter.com/defi_frens/status/1494847095009861635/photo/1', 'display_url': 'pic.twitter.com/5qfh9s7enB', 'media_key': '3_1494846549075058694'}]}"
157,1494104037456846850,2022-02-17 00:18:56+00:00,False,"DeFi Frens fan art contest! üé®

We are giving away 1 free mint and 4 frenlist spots for our frens favorite art!

Use #defifrens and tag @defi_frens to enter
Our discord community will be voting for the winners!
Contest ends February 23rd https://t.co/aCfrBOU1km",149,124,501,3,{'media_keys': ['3_1494102761759289352']},"{'hashtags': [{'start': 116, 'end': 126, 'tag': 'defifrens'}], 'mentions': [{'start': 135, 'end': 146, 'username': 'defi_frens', 'id': '1445443559063101465'}], 'urls': [{'start': 237, 'end': 260, 'url': 'https://t.co/aCfrBOU1km', 'expanded_url': 'https://twitter.com/defi_frens/status/1494104037456846850/photo/1', 'display_url': 'pic.twitter.com/aCfrBOU1km', 'media_key': '3_1494102761759289352'}]}"
158,1493806571431895051,2022-02-16 04:36:54+00:00,False,15k frens! We can‚Äôt wait to show each and every one of you what we have in store ‚ù§Ô∏è https://t.co/RgzM9NAJaB,162,100,698,8,{'media_keys': ['3_1493806455593607170']},"{'urls': [{'start': 84, 'end': 107, 'url': 'https://t.co/RgzM9NAJaB', 'expanded_url': 'https://twitter.com/defi_frens/status/1493806571431895051/photo/1', 'display_url': 'pic.twitter.com/RgzM9NAJaB', 'media_key': '3_1493806455593607170'}]}"
159,1493370617239941130,2022-02-14 23:44:35+00:00,False,"cupid taking a break after a long day üíò

tag your valentine below! https://t.co/TCGlhe1cks",167,223,761,4,{'media_keys': ['3_1493370477284401157']},"{'urls': [{'start': 67, 'end': 90, 'url': 'https://t.co/TCGlhe1cks', 'expanded_url': 'https://twitter.com/defi_frens/status/1493370617239941130/photo/1', 'display_url': 'pic.twitter.com/TCGlhe1cks', 'media_key': '3_1493370477284401157'}]}"
160,1492594558034710536,2022-02-12 20:20:48+00:00,True,"@dongshenjun As this is our absolute first AMA (&amp; more of an intro) we will be doing it internally for those in our community. But, we will be certainly be hosting plenty of Twitter Spaces in the future for AMA's!",1,2,12,0,,"{'annotations': [{'start': 174, 'end': 180, 'probability': 0.559, 'type': 'Product', 'normalized_text': 'Twitter'}], 'mentions': [{'start': 0, 'end': 12, 'username': 'dongshenjun', 'id': '1474008122851270659'}]}"
161,1492556814054998021,2022-02-12 17:50:49+00:00,False,"Due to a few last minute cancellations, we have decided to postpone the talent show until further notice. 

Instead, we will be hosting our very first AMA in our discord! We've been wanting to meet everybody on a more personal level. Keep your eyes open for a discord invite soon! https://t.co/ujcp7ijQTt",40,36,230,0,,"{'urls': [{'start': 281, 'end': 304, 'url': 'https://t.co/ujcp7ijQTt', 'expanded_url': 'https://twitter.com/defi_frens/status/1491582496093450242', 'display_url': 'twitter.com/defi_frens/sta‚Ä¶'}]}"
162,1492310145610756099,2022-02-12 01:30:39+00:00,True,@AshLovesJpegs DF Lite üòÇüò≠,1,1,7,0,,"{'mentions': [{'start': 0, 'end': 14, 'username': 'AshLovesJpegs', 'id': '767942349120872448'}]}"
163,1492290778466557956,2022-02-12 00:13:41+00:00,False,beach day ‚òÄÔ∏è https://t.co/hwxJTHUSli,207,141,971,6,{'media_keys': ['3_1492290575449694211']},"{'urls': [{'start': 13, 'end': 36, 'url': 'https://t.co/hwxJTHUSli', 'expanded_url': 'https://twitter.com/defi_frens/status/1492290778466557956/photo/1', 'display_url': 'pic.twitter.com/hwxJTHUSli', 'media_key': '3_1492290575449694211'}]}"
164,1491967289159303172,2022-02-11 02:48:15+00:00,True,@ColquhounMoira üíû,1,0,4,0,,"{'mentions': [{'start': 0, 'end': 15, 'username': 'ColquhounMoira', 'id': '1351446134510678022'}]}"
165,1491582496093450242,2022-02-10 01:19:13+00:00,False,come one come all to our first ever DeFi Frens Talent Show! this Saturday at 1 PM EST we will be hosting the event within our discord community. it will be streamed on our Twitch channel with live giveaways and everyone is welcome to watch! https://t.co/kxQEaojFbY,65,50,374,5,{'media_keys': ['3_1491581912489545731']},"{'annotations': [{'start': 36, 'end': 57, 'probability': 0.7183, 'type': 'Other', 'normalized_text': 'DeFi Frens Talent Show'}, {'start': 172, 'end': 177, 'probability': 0.4734, 'type': 'Product', 'normalized_text': 'Twitch'}], 'urls': [{'start': 241, 'end': 264, 'url': 'https://t.co/kxQEaojFbY', 'expanded_url': 'https://twitter.com/defi_frens/status/1491582496093450242/photo/1', 'display_url': 'pic.twitter.com/kxQEaojFbY', 'media_key': '3_1491581912489545731'}]}"
166,1491205643688034308,2022-02-09 00:21:45+00:00,True,@niabynight @mcflyyeth @feinifeinifeini @0xsw4n hey frens! check your dms in the next few minutes we have invites for you and your frens.,13,11,89,0,,"{'mentions': [{'start': 0, 'end': 11, 'username': 'niabynight', 'id': '1440196604695171075'}, {'start': 12, 'end': 22, 'username': 'mcflyyeth', 'id': '1593411577'}, {'start': 23, 'end': 39, 'username': 'feinifeinifeini', 'id': '1458534912118640640'}, {'start': 40, 'end': 47, 'username': '0xsw4n', 'id': '1181284633360523264'}]}"
167,1490852315468730370,2022-02-08 00:57:45+00:00,False,"we love playing with new frens!

tag the frens in your squad, we will be letting a couple groups into our discord! https://t.co/BTWNheCsoq",321,560,920,16,{'media_keys': ['3_1490851782712512512']},"{'urls': [{'start': 115, 'end': 138, 'url': 'https://t.co/BTWNheCsoq', 'expanded_url': 'https://twitter.com/defi_frens/status/1490852315468730370/photo/1', 'display_url': 'pic.twitter.com/BTWNheCsoq', 'media_key': '3_1490851782712512512'}]}"
168,1490443653038362624,2022-02-06 21:53:52+00:00,True,"We are learning, growing and enjoying every moment of this journey and we appreciate all of the interest more than you can imagine. Thank you for believing in us and we can‚Äôt wait to meet you all (eventually)!

6/6",12,13,163,0,,
169,1490443651931070466,2022-02-06 21:53:52+00:00,True,"We are currently expanding our team, bringing on community moderators, perfecting our product, and building sustainable processes so we can bring more and more frens onboard and grow responsibly together.

5/6",12,6,149,1,,
170,1490443650836439043,2022-02-06 21:53:52+00:00,True,"Open communication and on-going feedback are integral to the success and longevity of the project.

4/6",2,1,69,0,,
171,1490443649708183559,2022-02-06 21:53:51+00:00,True,"Our hope is to grow a genuine community where people in the space can feel comfortable and make new frens. We are committed to maintaining a tight feedback loop between our community and the entire DeFi Frens team.

3/6",2,1,74,0,,
172,1490443648315674625,2022-02-06 21:53:51+00:00,True,"That being said, with this growth there has been an influx of demand for our frenlist and Discord access. As much as we want to let every single fren into our Discord, we‚Äôve decided to limit access for the interim.

2/6",2,2,70,0,,
173,1490443646654722057,2022-02-06 21:53:51+00:00,False,"Why we‚Äôve decided to keep our Discord closed, a threadüßµ:

We would like to preface this by expressing our extreme gratitude for the overwhelming amount of support we‚Äôve received. It‚Äôs only been 2 weeks and our community has grown at an astronomical pace.

1/6 https://t.co/vyzMA4vZeO",76,39,441,2,{'media_keys': ['3_1490442428528185349']},"{'urls': [{'start': 260, 'end': 283, 'url': 'https://t.co/vyzMA4vZeO', 'expanded_url': 'https://twitter.com/defi_frens/status/1490443646654722057/photo/1', 'display_url': 'pic.twitter.com/vyzMA4vZeO', 'media_key': '3_1490442428528185349'}]}"
174,1489411978955264011,2022-02-04 01:34:22+00:00,True,congratulations to all the frens that found the code! the invite was filled and is no longer useable &lt;3,19,19,142,1,,
175,1489411770888462336,2022-02-04 01:33:32+00:00,False,a very limited word search ü§îüëÄ https://t.co/dyFDNxqwdx,43,83,317,2,{'media_keys': ['3_1489411337608380420']},"{'urls': [{'start': 30, 'end': 53, 'url': 'https://t.co/dyFDNxqwdx', 'expanded_url': 'https://twitter.com/defi_frens/status/1489411770888462336/photo/1', 'display_url': 'pic.twitter.com/dyFDNxqwdx', 'media_key': '3_1489411337608380420'}]}"
176,1489272978743386113,2022-02-03 16:22:02+00:00,False,gm frens!,59,208,458,3,,
177,1489010609794523139,2022-02-02 22:59:28+00:00,False,"mister DJ fren is planning a live concert in our discord server! 

he‚Äôs also thinking of giving out some fren list spots to those who attend üëÄ

keep your eyes peeled, we‚Äôll be dropping a lot more invites over the next week ‚ù§Ô∏è (including mobile friendly ones) https://t.co/8aYQmnZhfp",174,122,725,9,{'media_keys': ['3_1489009060947152907']},"{'annotations': [{'start': 7, 'end': 13, 'probability': 0.5383, 'type': 'Person', 'normalized_text': 'DJ fren'}], 'urls': [{'start': 259, 'end': 282, 'url': 'https://t.co/8aYQmnZhfp', 'expanded_url': 'https://twitter.com/defi_frens/status/1489010609794523139/photo/1', 'display_url': 'pic.twitter.com/8aYQmnZhfp', 'media_key': '3_1489009060947152907'}]}"
178,1488580064602066947,2022-02-01 18:28:38+00:00,False,10k frens (…î‚óî‚Äø‚óî)…î ‚ô• thank YOU!,93,102,468,2,,
179,1488383386016231427,2022-02-01 05:27:06+00:00,False,"from one fren to another, happy lunar new year! üêØüèÆ https://t.co/iSwdfMvs9o",240,158,1308,12,{'media_keys': ['3_1488383381872197632']},"{'urls': [{'start': 51, 'end': 74, 'url': 'https://t.co/iSwdfMvs9o', 'expanded_url': 'https://twitter.com/defi_frens/status/1488383386016231427/photo/1', 'display_url': 'pic.twitter.com/iSwdfMvs9o', 'media_key': '3_1488383381872197632'}]}"
180,1488013523070459904,2022-01-31 04:57:24+00:00,False,it's only been a week and the support shown by everyone has been truly amazing! we can't wait to share more of what we've been working on and make even more frens ‚ù§Ô∏è,116,112,573,3,,
181,1487864518252408840,2022-01-30 19:05:18+00:00,True,@toosteazyk @coolcatsnft more invites on the way ;) &lt;3,5,6,17,0,,"{'mentions': [{'start': 0, 'end': 11, 'username': 'toosteazyk', 'id': '1115466019093602307'}, {'start': 12, 'end': 24, 'username': 'coolcatsnft', 'id': '1395553778187718657'}]}"
182,1487851167908610054,2022-01-30 18:12:16+00:00,False,the pets are breaking loose! @coolcatsnft https://t.co/V5fowlzliw,217,126,1087,5,{'media_keys': ['7_1487849411799654407']},"{'mentions': [{'start': 29, 'end': 41, 'username': 'coolcatsnft', 'id': '1395553778187718657'}], 'urls': [{'start': 42, 'end': 65, 'url': 'https://t.co/V5fowlzliw', 'expanded_url': 'https://twitter.com/defi_frens/status/1487851167908610054/video/1', 'display_url': 'pic.twitter.com/V5fowlzliw', 'media_key': '7_1487849411799654407'}]}"
183,1487472622975729669,2022-01-29 17:08:03+00:00,False,gm :),86,268,609,0,,
184,1487290726467751941,2022-01-29 05:05:16+00:00,False,"RT @SengaNFT: drew a dino @defi_frens @KaijuKingz  ü¶ñüëë

he's shy but wants you to have a flower üåπ https://t.co/Ven2Bknzeb",56,0,0,0,"{'media_keys': ['3_1487282893760126976', '3_1487282636913614853']}","{'mentions': [{'start': 3, 'end': 12, 'username': 'SengaNFT', 'id': '1523680553597210625'}, {'start': 26, 'end': 37, 'username': 'defi_frens', 'id': '1445443559063101465'}, {'start': 38, 'end': 49, 'username': 'KaijuKingz', 'id': '1444937781441187842'}], 'urls': [{'start': 97, 'end': 120, 'url': 'https://t.co/Ven2Bknzeb', 'expanded_url': 'https://twitter.com/SengaNFT/status/1487283065454014465/photo/1', 'display_url': 'pic.twitter.com/Ven2Bknzeb', 'media_key': '3_1487282893760126976'}, {'start': 97, 'end': 120, 'url': 'https://t.co/Ven2Bknzeb', 'expanded_url': 'https://twitter.com/SengaNFT/status/1487283065454014465/photo/1', 'display_url': 'pic.twitter.com/Ven2Bknzeb', 'media_key': '3_1487282636913614853'}]}"
185,1487117383013650441,2022-01-28 17:36:28+00:00,False,IKZ! did we do this right @AzukiZen ‚õ©Ô∏è https://t.co/HVNf9LPgAD,250,182,1122,8,{'media_keys': ['3_1487116576038035463']},"{'urls': [{'start': 39, 'end': 62, 'url': 'https://t.co/HVNf9LPgAD', 'expanded_url': 'https://twitter.com/defi_frens/status/1487117383013650441/photo/1', 'display_url': 'pic.twitter.com/HVNf9LPgAD', 'media_key': '3_1487116576038035463'}]}"
186,1486747286071922692,2022-01-27 17:05:50+00:00,False,the love shown yesterday was overwhelming! how many new frens should we invite to our discord today?,220,413,974,4,,
187,1486492066226053122,2022-01-27 00:11:40+00:00,True,@PikuseruPetsNFT @KaijuKingz oh yes.... it does üëÄ,2,1,24,0,,"{'mentions': [{'start': 0, 'end': 16, 'username': 'PikuseruPetsNFT', 'id': '1460982104615899141'}, {'start': 17, 'end': 28, 'username': 'KaijuKingz', 'id': '1444937781441187842'}]}"
188,1486486307807318016,2022-01-26 23:48:48+00:00,False,our little fren in his scariest form! @KaijuKingz https://t.co/KIHub7NoUl,798,511,3558,46,{'media_keys': ['3_1486485651705024513']},"{'mentions': [{'start': 38, 'end': 49, 'username': 'KaijuKingz', 'id': '1444937781441187842'}], 'urls': [{'start': 50, 'end': 73, 'url': 'https://t.co/KIHub7NoUl', 'expanded_url': 'https://twitter.com/defi_frens/status/1486486307807318016/photo/1', 'display_url': 'pic.twitter.com/KIHub7NoUl', 'media_key': '3_1486485651705024513'}]}"
189,1486063636049240074,2022-01-25 19:49:15+00:00,False,"That was fast! The 50 spots were filled within 1 minute üòØ

Stay sharp! This was an easy one, Waldo will be harder and harder to find!

You still have a chance to grab one of the 20 spots by retweeting the post below üòâ https://t.co/qHrtaxg9no",328,76,554,4,,"{'annotations': [{'start': 94, 'end': 98, 'probability': 0.8749, 'type': 'Person', 'normalized_text': 'Waldo'}], 'urls': [{'start': 218, 'end': 241, 'url': 'https://t.co/qHrtaxg9no', 'expanded_url': 'https://twitter.com/defi_frens/status/1486060263212265607', 'display_url': 'twitter.com/defi_frens/sta‚Ä¶'}]}"
190,1486060263212265607,2022-01-25 19:35:51+00:00,False,"wen discord? 

Our waldo fren is hidden somewhere on our profile, he's got 50 special discord invitations so you better find him before they're all out! üëÄ 

We're also giving away 20 discord invites in 6 hours to random frens who retweet and follow us üíö https://t.co/eWaG4THH5B",583,169,807,4,{'media_keys': ['3_1486056990296129538']},"{'urls': [{'start': 254, 'end': 277, 'url': 'https://t.co/eWaG4THH5B', 'expanded_url': 'https://twitter.com/defi_frens/status/1486060263212265607/photo/1', 'display_url': 'pic.twitter.com/eWaG4THH5B', 'media_key': '3_1486056990296129538'}]}"
191,1485813940391186434,2022-01-25 03:17:03+00:00,True,@KaijuZxc @LittlelemonsNFT coming fren üíö,1,0,6,0,,"{'mentions': [{'start': 0, 'end': 9, 'username': 'KaijuZxc', 'id': '846142315999760385'}, {'start': 10, 'end': 26, 'username': 'LittlelemonsNFT', 'id': '1414366940248805377'}]}"
192,1485808913010339841,2022-01-25 02:57:04+00:00,False,We built ourselves a little lemonade stand üçãüíõ @LittlelemonsNFT https://t.co/OJOpw7MxLd,117,85,758,8,{'media_keys': ['3_1485808090909917185']},"{'mentions': [{'start': 46, 'end': 62, 'username': 'LittlelemonsNFT', 'id': '1414366940248805377'}], 'urls': [{'start': 63, 'end': 86, 'url': 'https://t.co/OJOpw7MxLd', 'expanded_url': 'https://twitter.com/defi_frens/status/1485808913010339841/photo/1', 'display_url': 'pic.twitter.com/OJOpw7MxLd', 'media_key': '3_1485808090909917185'}]}"
193,1485626475579682822,2022-01-24 14:52:08+00:00,True,@mattbatfatcat üëÄ,1,0,3,0,,
194,1485447505902977028,2022-01-24 03:00:58+00:00,True,@xavnftrnd early frens &lt;3,1,1,9,0,,"{'mentions': [{'start': 0, 'end': 10, 'username': 'xavnftrnd', 'id': '1460544900768808963'}]}"
195,1485445848205078528,2022-01-24 02:54:23+00:00,False,"Rendezvous on the moon! üåï 

Keep your eyes peeled, it might just get you a seat on the next rocket ship üöÄüëÄ https://t.co/VVJvwPlKUa",127,111,537,8,{'media_keys': ['7_1485444507546042377']},"{'urls': [{'start': 107, 'end': 130, 'url': 'https://t.co/VVJvwPlKUa', 'expanded_url': 'https://twitter.com/defi_frens/status/1485445848205078528/video/1', 'display_url': 'pic.twitter.com/VVJvwPlKUa', 'media_key': '7_1485444507546042377'}]}"
196,1485121327052820483,2022-01-23 05:24:51+00:00,True,@Drewwtanto @coolcatsnft @__chidz__ üíû love! üíû,1,0,2,0,,"{'mentions': [{'start': 0, 'end': 11, 'username': 'Drewwtanto', 'id': '538273566'}, {'start': 12, 'end': 24, 'username': 'coolcatsnft', 'id': '1395553778187718657'}, {'start': 25, 'end': 35, 'username': '__chidz__', 'id': '1406168346572300288'}]}"
197,1485098714855268359,2022-01-23 03:55:00+00:00,True,@welovethelemons @coolcatsnft @__chidz__ üíö of course üíö,1,0,5,0,,"{'mentions': [{'start': 17, 'end': 29, 'username': 'coolcatsnft', 'id': '1395553778187718657'}, {'start': 30, 'end': 40, 'username': '__chidz__', 'id': '1406168346572300288'}]}"
198,1485075885766160386,2022-01-23 02:24:17+00:00,True,@iamg_giam @coolcatsnft @__chidz__ &lt;3 manifesting &lt;3,1,0,4,0,,"{'mentions': [{'start': 0, 'end': 10, 'username': 'iamg_giam', 'id': '1418068835303755777'}, {'start': 11, 'end': 23, 'username': 'coolcatsnft', 'id': '1395553778187718657'}, {'start': 24, 'end': 34, 'username': '__chidz__', 'id': '1406168346572300288'}]}"
199,1485075576012648452,2022-01-23 02:23:03+00:00,True,@cryptocoIIect @coolcatsnft @__chidz__ gmi! &lt;3,1,0,2,0,,"{'mentions': [{'start': 15, 'end': 27, 'username': 'coolcatsnft', 'id': '1395553778187718657'}, {'start': 28, 'end': 38, 'username': '__chidz__', 'id': '1406168346572300288'}]}"
200,1485059719102451712,2022-01-23 01:20:02+00:00,True,@__chidz__ @coolcatsnft wow! I will do just that :) it seems everyone likes my work!! thank you &lt;3,1,1,2,0,,"{'mentions': [{'start': 0, 'end': 10, 'username': '__chidz__', 'id': '1406168346572300288'}, {'start': 11, 'end': 23, 'username': 'coolcatsnft', 'id': '1395553778187718657'}]}"
201,1485056013711593475,2022-01-23 01:05:19+00:00,True,@evanluza @coolcatsnft @__chidz__ Maybe I'll try an astronaut next :),1,2,4,0,,"{'mentions': [{'start': 0, 'end': 9, 'username': 'evanluza', 'id': '4779341112'}, {'start': 10, 'end': 22, 'username': 'coolcatsnft', 'id': '1395553778187718657'}, {'start': 23, 'end': 33, 'username': '__chidz__', 'id': '1406168346572300288'}]}"
202,1485055862272294912,2022-01-23 01:04:43+00:00,True,@__chidz__ @coolcatsnft it was supposed to be you! haha! your cat wears my fav outfit :),0,1,1,0,,"{'mentions': [{'start': 0, 'end': 10, 'username': '__chidz__', 'id': '1406168346572300288'}, {'start': 11, 'end': 23, 'username': 'coolcatsnft', 'id': '1395553778187718657'}]}"
203,1485054101922754562,2022-01-23 00:57:43+00:00,True,@__chidz__ @coolcatsnft üò∏‚úÖ,1,1,3,0,,"{'mentions': [{'start': 0, 'end': 10, 'username': '__chidz__', 'id': '1406168346572300288'}, {'start': 11, 'end': 23, 'username': 'coolcatsnft', 'id': '1395553778187718657'}]}"
204,1485051134876307456,2022-01-23 00:45:56+00:00,False,"gm world! 

We like the pets üò∏ @coolcatsnft https://t.co/9I7L55KgmR",189,144,1247,13,{'media_keys': ['3_1485051132254822404']},"{'mentions': [{'start': 31, 'end': 43, 'username': 'coolcatsnft', 'id': '1395553778187718657'}], 'urls': [{'start': 44, 'end': 67, 'url': 'https://t.co/9I7L55KgmR', 'expanded_url': 'https://twitter.com/defi_frens/status/1485051134876307456/photo/1', 'display_url': 'pic.twitter.com/9I7L55KgmR', 'media_key': '3_1485051132254822404'}]}"
