,id,date,this_is_reply,text,retweets,replies,likes,quotes,attachments,entities,qutotes
0,1508564251895635969,2022-03-28 21:58:40+00:00,False,"Evening Tsukiüå∏

@MushroomsClub was very kind and bought some #TsukiNFT the other Day! They would like to Offer x5 WL to x5 Followers!

Rules:
- RT + Like
- Follow @TsukiNFT + @MushroomsClub 
- Tag 3 Friends

Ends in 24 Hours
#NFTGiveaways #Whitelist https://t.co/ZKyZ1PZUvo",130,124,156,,{'media_keys': ['3_1508564244199088133']},"{'mentions': [{'start': 16, 'end': 30, 'username': 'MushroomsClub', 'id': '1490606359057940481'}, {'start': 163, 'end': 172, 'username': 'TsukiNFT', 'id': '1483056032330960904'}, {'start': 175, 'end': 189, 'username': 'MushroomsClub', 'id': '1490606359057940481'}], 'hashtags': [{'start': 61, 'end': 70, 'tag': 'TsukiNFT'}, {'start': 225, 'end': 238, 'tag': 'NFTGiveaways'}, {'start': 239, 'end': 249, 'tag': 'Whitelist'}], 'urls': [{'start': 250, 'end': 273, 'url': 'https://t.co/ZKyZ1PZUvo', 'expanded_url': 'https://twitter.com/TsukiNFT/status/1508564251895635969/photo/1', 'display_url': 'pic.twitter.com/ZKyZ1PZUvo'}]}",0.0
1,1508465284499263491,2022-03-28 15:25:24+00:00,False,"RT @jigenapp: Jigen ü§ù Tsuki
üéÅ3x WL Spots for @jigenapp
üéâ1x Free #TsukiNFT

To win:
1Ô∏è‚É£ Follow 
@jigenapp &amp; 
@TsukiNFT

2Ô∏è‚É£ Like &amp; Retweet‚Ä¶",319,0,0,,,"{'mentions': [{'start': 3, 'end': 12, 'username': 'jigenapp', 'id': '1382003008205160452'}, {'start': 45, 'end': 54, 'username': 'jigenapp', 'id': '1382003008205160452'}, {'start': 95, 'end': 104, 'username': 'jigenapp', 'id': '1382003008205160452'}, {'start': 112, 'end': 121, 'username': 'TsukiNFT', 'id': '1483056032330960904'}], 'hashtags': [{'start': 64, 'end': 73, 'tag': 'TsukiNFT'}]}",0.0
2,1508255509215956994,2022-03-28 01:31:50+00:00,False,"GN Tsukiüå∏

Go Pickup a #TsukiNFT Today! 5 Random Wallets will be airdropped  Prizes that have Purchased a #TsukiNFT by 9:30 PM (EST) on 3/28 

OpenSea Link:https://t.co/w1UBSAFbQo
#NFTGiveaways #NFTCommunity",63,23,124,,,"{'hashtags': [{'start': 23, 'end': 32, 'tag': 'TsukiNFT'}, {'start': 106, 'end': 115, 'tag': 'TsukiNFT'}, {'start': 180, 'end': 193, 'tag': 'NFTGiveaways'}, {'start': 194, 'end': 207, 'tag': 'NFTCommunity'}], 'urls': [{'start': 156, 'end': 179, 'url': 'https://t.co/w1UBSAFbQo', 'expanded_url': 'https://opensea.io/collection/tales-of-tsuki-genesis', 'display_url': 'opensea.io/collection/tal‚Ä¶'}]}",2.0
3,1508197171715317773,2022-03-27 21:40:01+00:00,False,"üå∏Tsuki x Slimysüß™

In Collaboration with @SlimysNFT are Giving Away x5 WL Spots to x5 Followers! 

Rules:
- RT and Like
- Follow @TsukiNFT + @SlimysNFT 
- Tag 3 Friends

Ends in 48 Hours! https://t.co/TZQSQ9jgyv",494,436,526,,{'media_keys': ['3_1508197159417561088']},"{'mentions': [{'start': 40, 'end': 50, 'username': 'SlimysNFT', 'id': '1495107635263193088'}, {'start': 128, 'end': 137, 'username': 'TsukiNFT', 'id': '1483056032330960904'}, {'start': 140, 'end': 150, 'username': 'SlimysNFT', 'id': '1495107635263193088'}], 'urls': [{'start': 187, 'end': 210, 'url': 'https://t.co/TZQSQ9jgyv', 'expanded_url': 'https://twitter.com/TsukiNFT/status/1508197171715317773/photo/1', 'display_url': 'pic.twitter.com/TZQSQ9jgyv'}]}",4.0
4,1507911119834333184,2022-03-27 02:43:21+00:00,True,"Winners üèÜ
‚Ä¢ @jiiiihyoooo
‚Ä¢ @jiayi803
‚Ä¢ @jamall_nft
‚Ä¢ @JungheePark7
‚Ä¢ @86Strokova

‚úîÔ∏è https://t.co/O34XcjlLBC

Geez alot of Entries! Congrats DM @TsukiNFT for your WLüôÇ",0,2,9,,,"{'mentions': [{'start': 12, 'end': 24, 'username': 'jiiiihyoooo', 'id': '1393928254218641419'}, {'start': 27, 'end': 36, 'username': 'jiayi803', 'id': '1373131859253596163'}, {'start': 39, 'end': 50, 'username': 'jamall_nft', 'id': '1485163037791494148'}, {'start': 53, 'end': 66, 'username': 'JungheePark7', 'id': '1494224835458650117'}, {'start': 69, 'end': 80, 'username': '86Strokova', 'id': '1474656218413154308'}, {'start': 144, 'end': 153, 'username': 'TsukiNFT', 'id': '1483056032330960904'}], 'urls': [{'start': 85, 'end': 108, 'url': 'https://t.co/O34XcjlLBC', 'expanded_url': 'https://twitterpicker.com/d/btntyxer', 'display_url': 'twitterpicker.com/d/btntyxer'}]}",0.0
5,1507910676420960263,2022-03-27 02:41:35+00:00,True,"Winner üèÜ: @An1musETH

‚úîÔ∏è https://t.co/mReM2epc9d

DM @TsukiNFT for your Free MintüôÇ",0,6,8,,,"{'mentions': [{'start': 10, 'end': 20, 'username': 'An1musETH', 'id': '1494177524792045569'}, {'start': 53, 'end': 62, 'username': 'TsukiNFT', 'id': '1483056032330960904'}], 'urls': [{'start': 25, 'end': 48, 'url': 'https://t.co/mReM2epc9d', 'expanded_url': 'https://twitterpicker.com/d/kv9bwem6', 'display_url': 'twitterpicker.com/d/kv9bwem6'}]}",0.0
6,1507909445065613313,2022-03-27 02:36:41+00:00,False,"Goodnight Tsukiüå∏

Big Things are on the Way‚Ä¶

RT + Like for a Chance of a Free #TsukiNFT",766,142,800,,,"{'hashtags': [{'start': 79, 'end': 88, 'tag': 'TsukiNFT'}]}",1.0
7,1507909404481540097,2022-03-27 02:36:32+00:00,True,"Winner üèÜ: @Nick_sharma08

‚úîÔ∏è https://t.co/KyuJxYbqy3

DM for your free #TsukiNFT üôÇ",0,1,11,,,"{'mentions': [{'start': 10, 'end': 24, 'username': 'Nick_sharma08', 'id': '3559202715'}], 'hashtags': [{'start': 71, 'end': 80, 'tag': 'TsukiNFT'}], 'urls': [{'start': 29, 'end': 52, 'url': 'https://t.co/KyuJxYbqy3', 'expanded_url': 'https://twitterpicker.com/d/229kujwc', 'display_url': 'twitterpicker.com/d/229kujwc'}]}",0.0
8,1507799639399014402,2022-03-26 19:20:22+00:00,True,"Winner üèÜ: @xBl4ckAng3lx

‚úîÔ∏è https://t.co/hAYwHenrba

@xBl4ckAng3lx 
DM for your Free #TsukiNFT",1,2,9,,,"{'mentions': [{'start': 10, 'end': 23, 'username': 'xBl4ckAng3lx', 'id': '1481928370006937601'}, {'start': 53, 'end': 66, 'username': 'xBl4ckAng3lx', 'id': '1481928370006937601'}], 'hashtags': [{'start': 85, 'end': 94, 'tag': 'TsukiNFT'}], 'urls': [{'start': 28, 'end': 51, 'url': 'https://t.co/hAYwHenrba', 'expanded_url': 'https://twitterpicker.com/d/2rh8wuv9', 'display_url': 'twitterpicker.com/d/2rh8wuv9'}]}",0.0
9,1507692228348903430,2022-03-26 12:13:33+00:00,False,"Morning Tsuki‚òÄÔ∏è

Amazing AMA Last Night! We truly love our Community so muchüíï

RT and Like, Follow @TsukiNFT, for a Chance of a Free #TsukiNFT",337,91,389,,,"{'mentions': [{'start': 99, 'end': 108, 'username': 'TsukiNFT', 'id': '1483056032330960904'}], 'hashtags': [{'start': 133, 'end': 142, 'tag': 'TsukiNFT'}]}",0.0
10,1507392587153526784,2022-03-25 16:22:53+00:00,False,"Hey Tsuki (&gt;‚Äø‚ó†)

The @housegamenft has Gifted our Community a x1 Free Mint for their Huge Project with great Utilities! 

Maybe they can help us out with $TSUKI when the time comesüëÄ

Rules:
- RT and Like
- Follow @TsukiNFT + @housegamenft 
- Tag 3 NFT Lovers

Ends in 24 Hrs https://t.co/X581ShQJhg",925,896,975,,{'media_keys': ['3_1507392584540426257']},"{'cashtags': [{'start': 157, 'end': 163, 'tag': 'TSUKI'}], 'mentions': [{'start': 24, 'end': 37, 'username': 'housegamenft', 'id': '1465414189103697921'}, {'start': 216, 'end': 225, 'username': 'TsukiNFT', 'id': '1483056032330960904'}, {'start': 228, 'end': 241, 'username': 'housegamenft', 'id': '1465414189103697921'}], 'urls': [{'start': 278, 'end': 301, 'url': 'https://t.co/X581ShQJhg', 'expanded_url': 'https://twitter.com/TsukiNFT/status/1507392587153526784/photo/1', 'display_url': 'pic.twitter.com/X581ShQJhg'}]}",1.0
11,1507142945526456322,2022-03-24 23:50:54+00:00,False,"üå∏Tsuki x Hashies‚õèÔ∏è

In Collaboration with @mininghashies are Giving Away x5 WL Spots to x5 Followers! 

Rules:
- RT and Like
- Follow @TsukiNFT + @mininghashies 
- Tag 3 Friends

Ends in 48 Hours!
#NFTGiveaway #Whitelist https://t.co/a1EhlrIieL",1630,1581,2099,,{'media_keys': ['3_1507142729624657931']},"{'mentions': [{'start': 42, 'end': 56, 'username': 'mininghashies', 'id': '1503098960331751424'}, {'start': 134, 'end': 143, 'username': 'TsukiNFT', 'id': '1483056032330960904'}, {'start': 146, 'end': 160, 'username': 'mininghashies', 'id': '1503098960331751424'}], 'hashtags': [{'start': 197, 'end': 209, 'tag': 'NFTGiveaway'}, {'start': 210, 'end': 220, 'tag': 'Whitelist'}], 'urls': [{'start': 221, 'end': 244, 'url': 'https://t.co/a1EhlrIieL', 'expanded_url': 'https://twitter.com/TsukiNFT/status/1507142945526456322/photo/1', 'display_url': 'pic.twitter.com/a1EhlrIieL'}]}",6.0
12,1507058096933421064,2022-03-24 18:13:44+00:00,True,@garyvee Hi üéã,3,4,55,,,"{'mentions': [{'start': 0, 'end': 8, 'username': 'garyvee', 'id': '5768872'}]}",0.0
13,1506971902451015688,2022-03-24 12:31:14+00:00,False,"Good Morning Tsuki üå∏

Giving Away a x1 Free #TsukiNFT

‚Ä¢ RT + Like
‚Ä¢ Follow @TsukiNFT + @AsukaNFT 
‚Ä¢ Tag 3 Friends

Ends in 24 Hours

#TsukiNFT #NFTGiveaways",2576,2212,2422,,,"{'mentions': [{'start': 76, 'end': 85, 'username': 'TsukiNFT', 'id': '1483056032330960904'}, {'start': 88, 'end': 97, 'username': 'AsukaNFT', 'id': '1468038348648312833'}], 'hashtags': [{'start': 44, 'end': 53, 'tag': 'TsukiNFT'}, {'start': 134, 'end': 143, 'tag': 'TsukiNFT'}, {'start': 144, 'end': 157, 'tag': 'NFTGiveaways'}]}",12.0
14,1506505024519692293,2022-03-23 05:36:02+00:00,True,@garyvee,4,2,29,,,"{'mentions': [{'start': 0, 'end': 8, 'username': 'garyvee', 'id': '5768872'}]}",0.0
15,1506504992286560259,2022-03-23 05:35:54+00:00,True,@veefriends,4,1,17,,,"{'mentions': [{'start': 0, 'end': 11, 'username': 'veefriends', 'id': '1365372609903419395'}]}",0.0
16,1506502393885773824,2022-03-23 05:25:34+00:00,False,"Giveaway üéâ

The team at tsuki would like to formally announce we are giving away 2 VeeCon Tickets! This also includes a day with the founders of tsuki, Including Dinner, and A Sporting/Event of your choice!

Like &amp; RT and Follow @TsukiNFT ‚úÖ

Good luck! Winner chosen in 2 weeks! https://t.co/wvV4o645pe",353,83,405,,{'media_keys': ['3_1506502389217513473']},"{'mentions': [{'start': 233, 'end': 242, 'username': 'TsukiNFT', 'id': '1483056032330960904'}], 'urls': [{'start': 283, 'end': 306, 'url': 'https://t.co/wvV4o645pe', 'expanded_url': 'https://twitter.com/TsukiNFT/status/1506502393885773824/photo/1', 'display_url': 'pic.twitter.com/wvV4o645pe'}]}",0.0
17,1506397828339351559,2022-03-22 22:30:04+00:00,False,"We will be Hosting an AMA on Friday 3/25 at 8 PM EST

I hope you all will Join Us! Be Ready!

 RT and Like for a Chance of a #TsukiNFT",125,23,172,,,"{'hashtags': [{'start': 125, 'end': 134, 'tag': 'TsukiNFT'}]}",0.0
18,1506078530102300673,2022-03-22 01:21:17+00:00,False,"üå∏Tsuki x Space Walkersüë©‚ÄçüöÄ

In Collaboration with @spcewalkers are Giving Away x5 WL Spots to x5 Followers! 

Rules:
- RT and Like
- Follow @TsukiNFT + @spcewalkers
- Tag 3 Friends

Ends in 48 Hours! https://t.co/ZOh3235LRK",1118,1052,1174,,{'media_keys': ['3_1506078523550834689']},"{'mentions': [{'start': 49, 'end': 61, 'username': 'spcewalkers', 'id': '1481022238312775687'}, {'start': 139, 'end': 148, 'username': 'TsukiNFT', 'id': '1483056032330960904'}, {'start': 151, 'end': 163, 'username': 'spcewalkers', 'id': '1481022238312775687'}], 'urls': [{'start': 199, 'end': 222, 'url': 'https://t.co/ZOh3235LRK', 'expanded_url': 'https://twitter.com/TsukiNFT/status/1506078530102300673/photo/1', 'display_url': 'pic.twitter.com/ZOh3235LRK'}]}",6.0
19,1505665124736159749,2022-03-20 21:58:34+00:00,False,"üå∏Tsuki x CubeXüßä

In Collaboration with @cubexnft we are Giving Away x5 WL Spots to x5 Followers! More Spots Coming Soon!

Rules:
- RT and Like
- Follow @TsukiNFT + @cubexnft 
- Tag 3 Friends

Ends in 48 Hours! https://t.co/6aVqVNZ4dz",1936,1876,1999,,{'media_keys': ['3_1505665122395697155']},"{'mentions': [{'start': 39, 'end': 48, 'username': 'cubexnft', 'id': '1497758039163691015'}, {'start': 152, 'end': 161, 'username': 'TsukiNFT', 'id': '1483056032330960904'}, {'start': 164, 'end': 173, 'username': 'cubexnft', 'id': '1497758039163691015'}], 'urls': [{'start': 210, 'end': 233, 'url': 'https://t.co/6aVqVNZ4dz', 'expanded_url': 'https://twitter.com/TsukiNFT/status/1505665124736159749/photo/1', 'display_url': 'pic.twitter.com/6aVqVNZ4dz'}]}",11.0
20,1505280707177889795,2022-03-19 20:31:02+00:00,False,"BAKC #349 has been won in our Holders Only Giveaway! More to Come for the Tsuki Famüíï

Congratulations @hiph4p I hope you enjoy your new BAKC!

@BoredApeYC #TsukiNFT https://t.co/HdXejBTbYi",48,14,181,,{'media_keys': ['3_1505280701918232579']},"{'mentions': [{'start': 102, 'end': 109, 'username': 'hiph4p', 'id': '736366579'}, {'start': 143, 'end': 154, 'username': 'BoredApeYC', 'id': '1381699264011771906'}], 'hashtags': [{'start': 155, 'end': 164, 'tag': 'TsukiNFT'}], 'urls': [{'start': 165, 'end': 188, 'url': 'https://t.co/HdXejBTbYi', 'expanded_url': 'https://twitter.com/TsukiNFT/status/1505280707177889795/photo/1', 'display_url': 'pic.twitter.com/HdXejBTbYi'}]}",2.0
21,1504846537775530027,2022-03-18 15:45:47+00:00,False,"Hello Tsukiüå∏

@TerraVirtuaHQ has just swept 49 Tsuki NFTs of our Floor! This floor gap is truly getting scary get your @TsukiNFT before its too late!

RT and Like, Tag 3 Friends Maybe I will send you a Free Tsuki

#TsukiNFT https://t.co/lqAayNVXyO",1321,1475,1489,,{'media_keys': ['3_1504846531085615118']},"{'mentions': [{'start': 14, 'end': 28, 'username': 'TerraVirtuaHQ', 'id': '1328703486641500166'}, {'start': 119, 'end': 128, 'username': 'TsukiNFT', 'id': '1483056032330960904'}], 'hashtags': [{'start': 214, 'end': 223, 'tag': 'TsukiNFT'}], 'urls': [{'start': 224, 'end': 247, 'url': 'https://t.co/lqAayNVXyO', 'expanded_url': 'https://twitter.com/TsukiNFT/status/1504846537775530027/photo/1', 'display_url': 'pic.twitter.com/lqAayNVXyO'}]}",12.0
22,1504618111865077762,2022-03-18 00:38:06+00:00,False,"RT @dakotathepotato: @TsukiNFT is giving away
Bored Ape Kennel Club #349üëÄüêï
See more in the Discord! https://t.co/pSLLili2Ij
üö® MUST BE A HOL‚Ä¶",27,0,0,,,"{'mentions': [{'start': 3, 'end': 19, 'username': 'dakotathepotato', 'id': '2968947388'}, {'start': 21, 'end': 30, 'username': 'TsukiNFT', 'id': '1483056032330960904'}], 'urls': [{'start': 100, 'end': 123, 'url': 'https://t.co/pSLLili2Ij', 'expanded_url': 'https://discord.gg/talesoftsuki', 'display_url': 'discord.gg/talesoftsuki'}]}",0.0
23,1504520396174991371,2022-03-17 18:09:49+00:00,False,"üå∏Tsuki X Cool Kids Walküö∂

In Collaboration with @coolkidswalknft are Giving Away x5 WL Spots! More coming on @AsukaNFT and in our Discord!

Rules:
- RT and Like
- Follow @TsukiNFT + @coolkidswalknft 
- Tag 3 Friends

Ends in 24 Hrsüñ§

#TsukiNFT https://t.co/dybY5JDCXh",1242,1251,1316,,{'media_keys': ['3_1504520391406108677']},"{'mentions': [{'start': 48, 'end': 64, 'username': 'coolkidswalknft', 'id': '1470883755229425666'}, {'start': 109, 'end': 118, 'username': 'AsukaNFT', 'id': '1468038348648312833'}, {'start': 170, 'end': 179, 'username': 'TsukiNFT', 'id': '1483056032330960904'}, {'start': 182, 'end': 198, 'username': 'coolkidswalknft', 'id': '1470883755229425666'}], 'hashtags': [{'start': 234, 'end': 243, 'tag': 'TsukiNFT'}], 'urls': [{'start': 244, 'end': 267, 'url': 'https://t.co/dybY5JDCXh', 'expanded_url': 'https://twitter.com/TsukiNFT/status/1504520396174991371/photo/1', 'display_url': 'pic.twitter.com/dybY5JDCXh'}]}",2.0
24,1504074499268005896,2022-03-16 12:37:59+00:00,False,"GM Tsuki Fam! Hope you all like our 3D Tsuki Model!

@TerraVirtuaHQ We can not wait to be in the Terraverseü§™ 

Cannot come soon enough!

@vmatbox #TsukiNFT https://t.co/qrbKbTxKjQ",73,22,217,,{'media_keys': ['3_1504074496533270534']},"{'mentions': [{'start': 53, 'end': 67, 'username': 'TerraVirtuaHQ', 'id': '1328703486641500166'}, {'start': 137, 'end': 145, 'username': 'vmatbox', 'id': '87571384'}], 'hashtags': [{'start': 146, 'end': 155, 'tag': 'TsukiNFT'}], 'urls': [{'start': 156, 'end': 179, 'url': 'https://t.co/qrbKbTxKjQ', 'expanded_url': 'https://twitter.com/TsukiNFT/status/1504074499268005896/photo/1', 'display_url': 'pic.twitter.com/qrbKbTxKjQ'}]}",6.0
25,1503391213570990082,2022-03-14 15:22:51+00:00,False,"Hello Tsuki Famüå∏

In Collaboration with @KarutiNFT we are Giving Away x5 WL Spots x5 Followers! More Spots on the Way!

Rules to Enter:
- RT and Like
- Follow @TsukiNFT + @KarutiNFT 
- Tag 3 Friends

Ends in 48 Hours! https://t.co/3SOmP8Bcv7",1553,1760,1643,,{'media_keys': ['3_1503391210286759943']},"{'mentions': [{'start': 40, 'end': 50, 'username': 'KarutiNFT', 'id': '1488242953554386959'}, {'start': 159, 'end': 168, 'username': 'TsukiNFT', 'id': '1483056032330960904'}, {'start': 171, 'end': 181, 'username': 'KarutiNFT', 'id': '1488242953554386959'}], 'urls': [{'start': 218, 'end': 241, 'url': 'https://t.co/3SOmP8Bcv7', 'expanded_url': 'https://twitter.com/TsukiNFT/status/1503391213570990082/photo/1', 'display_url': 'pic.twitter.com/3SOmP8Bcv7'}]}",9.0
26,1503225842507386883,2022-03-14 04:25:44+00:00,False,"GN Tsuki Famüå∏

Hope everyone had an amazing day!

We love you all‚Ä¶
#TsukiNFT",21,21,168,,,"{'hashtags': [{'start': 67, 'end': 76, 'tag': 'TsukiNFT'}]}",0.0
27,1503037033828298754,2022-03-13 15:55:28+00:00,False,"RT @AsukaNFT: I am literally beyond hype for the Worldwide Web + Metaverse! 

@vmatbox keep killing it like usual. 

@Worldwide_WEB3 are yo‚Ä¶",70,0,0,,,"{'mentions': [{'start': 3, 'end': 12, 'username': 'AsukaNFT', 'id': '1468038348648312833'}, {'start': 78, 'end': 86, 'username': 'vmatbox', 'id': '87571384'}, {'start': 117, 'end': 132, 'username': 'Worldwide_WEB3', 'id': '1363526518706733058'}]}",0.0
28,1502841498412457985,2022-03-13 02:58:29+00:00,False,"GN Tsukiüíï

Our Floor Sweep Event Ends on Monday Night! Lets see who wins! (Details in the Discord)

Goodluck Famüå∏

Prizes:
1st- 1 ETH
2nd- .75 ETH
3rd- .5 ETH
4th- .25 ETH
5th- x3 @TsukiNFT 

OpenSea:
https://t.co/w1UBSAFbQo https://t.co/aDW1xIhida",75,30,166,,{'media_keys': ['3_1502841492955566080']},"{'mentions': [{'start': 180, 'end': 189, 'username': 'TsukiNFT', 'id': '1483056032330960904'}], 'urls': [{'start': 201, 'end': 224, 'url': 'https://t.co/w1UBSAFbQo', 'expanded_url': 'https://opensea.io/collection/tales-of-tsuki-genesis', 'display_url': 'opensea.io/collection/tal‚Ä¶'}, {'start': 225, 'end': 248, 'url': 'https://t.co/aDW1xIhida', 'expanded_url': 'https://twitter.com/TsukiNFT/status/1502841498412457985/photo/1', 'display_url': 'pic.twitter.com/aDW1xIhida'}]}",2.0
29,1502348600441024514,2022-03-11 18:19:53+00:00,False,"Hope the Tsuki Fam is having an amazing morning! Lets finish it off right!

Prize:
x3 Free NFT from @TsukiNFT 
x1 Free NFT from @headboxsquad

Rules:
- Follow @TsukiNFT + @headboxsquad
- RT, Like and Tag 3 Friends 
- https://t.co/cQkJFlLAG8

Ends in 48hrs
#NFTs #NFTGiveaway #NFT https://t.co/KxvQzp3dSz",2480,2612,2298,,{'media_keys': ['3_1502348595084906499']},"{'mentions': [{'start': 100, 'end': 109, 'username': 'TsukiNFT', 'id': '1483056032330960904'}, {'start': 128, 'end': 141, 'username': 'headboxsquad', 'id': '1482157566591664128'}, {'start': 159, 'end': 168, 'username': 'TsukiNFT', 'id': '1483056032330960904'}, {'start': 171, 'end': 184, 'username': 'headboxsquad', 'id': '1482157566591664128'}], 'hashtags': [{'start': 256, 'end': 261, 'tag': 'NFTs'}, {'start': 262, 'end': 274, 'tag': 'NFTGiveaway'}, {'start': 275, 'end': 279, 'tag': 'NFT'}], 'urls': [{'start': 217, 'end': 240, 'url': 'https://t.co/cQkJFlLAG8', 'expanded_url': 'https://discord.gg/55WGCj5qr5', 'display_url': 'discord.gg/55WGCj5qr5'}, {'start': 280, 'end': 303, 'url': 'https://t.co/KxvQzp3dSz', 'expanded_url': 'https://twitter.com/TsukiNFT/status/1502348600441024514/photo/1', 'display_url': 'pic.twitter.com/KxvQzp3dSz'}]}",11.0
30,1502008178774614020,2022-03-10 19:47:10+00:00,False,"Afternoon Tsuki Famüå∏

@vmatbox has been grinding out all the art for the Metaverse! @TerraVirtuaHQ are you ready for us?

#TsukiNFT https://t.co/5ovS3g4HU0",93,27,229,,{'media_keys': ['3_1502008174500622340']},"{'mentions': [{'start': 22, 'end': 30, 'username': 'vmatbox', 'id': '87571384'}, {'start': 84, 'end': 98, 'username': 'TerraVirtuaHQ', 'id': '1328703486641500166'}], 'hashtags': [{'start': 122, 'end': 131, 'tag': 'TsukiNFT'}], 'urls': [{'start': 132, 'end': 155, 'url': 'https://t.co/5ovS3g4HU0', 'expanded_url': 'https://twitter.com/TsukiNFT/status/1502008178774614020/photo/1', 'display_url': 'pic.twitter.com/5ovS3g4HU0'}]}",2.0
31,1501873082230792194,2022-03-10 10:50:20+00:00,False,"GM Tsukiüå∏

In Partnership with @SuperlativeApes we are Giving Away x2 @TsukiNFT to x2 Lucky Followers!

Rules to Enter:
- RT and Like
- Follow @TsukiNFT + @SuperlativeApes 
- Tag 3 Friends

Ends in 48 Hours! https://t.co/2mcvDhZKAD",3485,3690,3379,,{'media_keys': ['3_1501873079378661381']},"{'mentions': [{'start': 31, 'end': 47, 'username': 'SuperlativeApes', 'id': '1458178642530508801'}, {'start': 70, 'end': 79, 'username': 'TsukiNFT', 'id': '1483056032330960904'}, {'start': 143, 'end': 152, 'username': 'TsukiNFT', 'id': '1483056032330960904'}, {'start': 155, 'end': 171, 'username': 'SuperlativeApes', 'id': '1458178642530508801'}], 'urls': [{'start': 208, 'end': 231, 'url': 'https://t.co/2mcvDhZKAD', 'expanded_url': 'https://twitter.com/TsukiNFT/status/1501873082230792194/photo/1', 'display_url': 'pic.twitter.com/2mcvDhZKAD'}]}",15.0
32,1501734621356167169,2022-03-10 01:40:09+00:00,False,"RT @SuperlativeApes: üåà FREE #SLAPES &amp; #TSUKI NFT üåà

Happy to announce our partnership with @TsukiNFT!! ü•≥ü§ù

We‚Äôll be giving away 2 #NFTs on‚Ä¶",3656,0,0,,,"{'mentions': [{'start': 3, 'end': 19, 'username': 'SuperlativeApes', 'id': '1458178642530508801'}, {'start': 95, 'end': 104, 'username': 'TsukiNFT', 'id': '1483056032330960904'}], 'hashtags': [{'start': 28, 'end': 35, 'tag': 'SLAPES'}, {'start': 42, 'end': 48, 'tag': 'TSUKI'}, {'start': 134, 'end': 139, 'tag': 'NFTs'}]}",0.0
33,1501589785189752835,2022-03-09 16:04:37+00:00,False,"üå∏Tsuki X Planktons Partyüéâ

In Collaboration with @PlanktonsParty are Giving Away x5 WL Spots! 

Thank You @PlanktonsParty 

Rules:
- RT and Like
- Follow @TsukiNFT + @PlanktonsParty 
- Tag 3 Friends

Ends in 24 Hours

#TsukiNFT https://t.co/KxpBdUXcQn",1314,1781,1392,,{'media_keys': ['3_1501589780819283968']},"{'mentions': [{'start': 49, 'end': 64, 'username': 'PlanktonsParty', 'id': '1437484089683099658'}, {'start': 106, 'end': 121, 'username': 'PlanktonsParty', 'id': '1437484089683099658'}, {'start': 154, 'end': 163, 'username': 'TsukiNFT', 'id': '1483056032330960904'}, {'start': 166, 'end': 181, 'username': 'PlanktonsParty', 'id': '1437484089683099658'}], 'hashtags': [{'start': 218, 'end': 227, 'tag': 'TsukiNFT'}], 'urls': [{'start': 228, 'end': 251, 'url': 'https://t.co/KxpBdUXcQn', 'expanded_url': 'https://twitter.com/TsukiNFT/status/1501589785189752835/photo/1', 'display_url': 'pic.twitter.com/KxpBdUXcQn'}]}",10.0
34,1501243879483392004,2022-03-08 17:10:07+00:00,False,"‚õ©Tsuki X Monster Companions üòà

In Collaboration with @MonsterCmpnft are Giving Away x5 WL Spots! 

Their Discord is Closed! Be Ready!

Rules:
- RT and Like
- Follow @TsukiNFT + @MonsterCmpnft 
- Tag 3 Friends

Ends in 24 Hours

#TsukiNFT https://t.co/v8EsNGxHvv",1256,1660,1356,,{'media_keys': ['3_1501243875578597385']},"{'mentions': [{'start': 53, 'end': 67, 'username': 'MonsterCmpnft', 'id': '1486290533010100229'}, {'start': 165, 'end': 174, 'username': 'TsukiNFT', 'id': '1483056032330960904'}, {'start': 177, 'end': 191, 'username': 'MonsterCmpnft', 'id': '1486290533010100229'}], 'hashtags': [{'start': 228, 'end': 237, 'tag': 'TsukiNFT'}], 'urls': [{'start': 238, 'end': 261, 'url': 'https://t.co/v8EsNGxHvv', 'expanded_url': 'https://twitter.com/TsukiNFT/status/1501243879483392004/photo/1', 'display_url': 'pic.twitter.com/v8EsNGxHvv'}]}",7.0
35,1501226161548165125,2022-03-08 15:59:43+00:00,False,"Come Join Us for Our Sweep Competition info in the Discord!

Prizes:
1st- 1 ETH
2nd- .75 ETH
3rd- .5 ETH
4th- .25 ETH
5th- x3 @TsukiNFT 

OpenSea-
https://t.co/w1UBSAFJFW https://t.co/qkta3wUrNu",192,66,366,,{'media_keys': ['3_1501226156909023232']},"{'mentions': [{'start': 126, 'end': 135, 'username': 'TsukiNFT', 'id': '1483056032330960904'}], 'urls': [{'start': 147, 'end': 170, 'url': 'https://t.co/w1UBSAFJFW', 'expanded_url': 'https://opensea.io/collection/tales-of-tsuki-genesis', 'display_url': 'opensea.io/collection/tal‚Ä¶'}, {'start': 171, 'end': 194, 'url': 'https://t.co/qkta3wUrNu', 'expanded_url': 'https://twitter.com/TsukiNFT/status/1501226161548165125/photo/1', 'display_url': 'pic.twitter.com/qkta3wUrNu'}]}",11.0
36,1500933404665200643,2022-03-07 20:36:24+00:00,True,"@SkullsPrime Winners üèÜ
‚Ä¢ @sideways2610
‚Ä¢ @kathykutey14
‚Ä¢ @elguillense1
‚Ä¢ @AlenxNFT
‚Ä¢ @MENG5533

‚úîÔ∏è https://t.co/jaTSE0sm0i",5,9,50,,,"{'mentions': [{'start': 0, 'end': 12, 'username': 'SkullsPrime', 'id': '1474322092082536450'}, {'start': 25, 'end': 38, 'username': 'sideways2610', 'id': '160987537'}, {'start': 41, 'end': 54, 'username': 'kathykutey14', 'id': '161059034'}, {'start': 57, 'end': 70, 'username': 'elguillense1', 'id': '172163757'}, {'start': 73, 'end': 82, 'username': 'AlenxNFT', 'id': '1452063077483098119'}, {'start': 85, 'end': 94, 'username': 'MENG5533', 'id': '1464606232363294723'}], 'urls': [{'start': 99, 'end': 122, 'url': 'https://t.co/jaTSE0sm0i', 'expanded_url': 'https://twitterpicker.com/d/x25g2rgn', 'display_url': 'twitterpicker.com/d/x25g2rgn'}]}",1.0
37,1500888737139630086,2022-03-07 17:38:54+00:00,False,"AMA Tonight at 7 PM (EST) with @TerraVirtuaHQ and More!

We will be speaking about the Terra and what the Meta holds for Tsuki!

Hope to see you all! 
https://t.co/I2vPEkUhpD",81,18,198,,,"{'mentions': [{'start': 31, 'end': 45, 'username': 'TerraVirtuaHQ', 'id': '1328703486641500166'}], 'urls': [{'start': 151, 'end': 174, 'url': 'https://t.co/I2vPEkUhpD', 'expanded_url': 'https://twitter.com/i/spaces/1LyGBowLbYPJN', 'display_url': 'twitter.com/i/spaces/1LyGB‚Ä¶'}]}",3.0
38,1500651696044789766,2022-03-07 01:56:59+00:00,False,"RT @AsukaNFT: GN My Tsuki Fam üå∏

RT and Like for a Chance of a Tsukiüíï

#TsukiNFT #NFTGiveaway",1087,0,0,,,"{'mentions': [{'start': 3, 'end': 12, 'username': 'AsukaNFT', 'id': '1468038348648312833'}], 'hashtags': [{'start': 71, 'end': 80, 'tag': 'TsukiNFT'}, {'start': 81, 'end': 93, 'tag': 'NFTGiveaway'}]}",0.0
39,1500547024768409608,2022-03-06 19:01:04+00:00,False,RT @ghostnekomimi: SO BULLISH on #TsukiNFT üî• @vmatbox ‚Äòs character sheet for the project‚Äôs @TerraVirtuaHQ integration is so stunning!! üíô‚ú®üíú‚Ä¶,83,0,0,,,"{'mentions': [{'start': 3, 'end': 17, 'username': 'ghostnekomimi', 'id': '1486847712960167943'}, {'start': 45, 'end': 53, 'username': 'vmatbox', 'id': '87571384'}, {'start': 91, 'end': 105, 'username': 'TerraVirtuaHQ', 'id': '1328703486641500166'}], 'hashtags': [{'start': 33, 'end': 42, 'tag': 'TsukiNFT'}]}",0.0
40,1500546183420391424,2022-03-06 18:57:43+00:00,False,"üå∏ Tsuki X Skulls Prime ‚ò†Ô∏è

In Collaboration with @SkullsPrime we are Giving Away x5 WL Spots! 

More Spots Coming in the Discord! Be Ready!

Rules:
- RT and Like
- Follow @TsukiNFT + @SkullsPrime 
- Tag 3 Friends

Ends in 24 Hours

#TsukiNFT #SkullsXTsuki https://t.co/z5aTSjeIXK",1787,2221,1930,,{'media_keys': ['3_1500546179406385161']},"{'mentions': [{'start': 49, 'end': 61, 'username': 'SkullsPrime', 'id': '1474322092082536450'}, {'start': 171, 'end': 180, 'username': 'TsukiNFT', 'id': '1483056032330960904'}, {'start': 183, 'end': 195, 'username': 'SkullsPrime', 'id': '1474322092082536450'}], 'hashtags': [{'start': 232, 'end': 241, 'tag': 'TsukiNFT'}, {'start': 242, 'end': 255, 'tag': 'SkullsXTsuki'}], 'urls': [{'start': 256, 'end': 279, 'url': 'https://t.co/z5aTSjeIXK', 'expanded_url': 'https://twitter.com/TsukiNFT/status/1500546183420391424/photo/1', 'display_url': 'pic.twitter.com/z5aTSjeIXK'}]}",16.0
41,1500245211578081286,2022-03-05 23:01:46+00:00,False,"RT @AsukaNFT: üå∏ Tsuki X Skulls Prime ‚ò†Ô∏è

In Collaboration with @SkullsPrime we are Giving Away x5 WL Spots! 

More Spots Coming Soon! Be Re‚Ä¶",4196,0,0,,,"{'mentions': [{'start': 3, 'end': 12, 'username': 'AsukaNFT', 'id': '1468038348648312833'}, {'start': 63, 'end': 75, 'username': 'SkullsPrime', 'id': '1474322092082536450'}]}",0.0
42,1499770163327082501,2022-03-04 15:34:05+00:00,False,"üå∏ Tsuki x Terra üëæ

3D models are coming! Coming with AR! Sneak peeks Soon!

You‚Äôll be able to show off your NFTs in the TerraDome with Metaverse Integration üå∏

@TerraVirtuaHQ @AsukaNFT 
#TsukiNFT #NFTs #NFTCollection https://t.co/dCy3CogTTT",263,69,527,,{'media_keys': ['3_1499770157253681156']},"{'mentions': [{'start': 160, 'end': 174, 'username': 'TerraVirtuaHQ', 'id': '1328703486641500166'}, {'start': 175, 'end': 184, 'username': 'AsukaNFT', 'id': '1468038348648312833'}], 'hashtags': [{'start': 186, 'end': 195, 'tag': 'TsukiNFT'}, {'start': 196, 'end': 201, 'tag': 'NFTs'}, {'start': 202, 'end': 216, 'tag': 'NFTCollection'}], 'urls': [{'start': 217, 'end': 240, 'url': 'https://t.co/dCy3CogTTT', 'expanded_url': 'https://twitter.com/TsukiNFT/status/1499770163327082501/photo/1', 'display_url': 'pic.twitter.com/dCy3CogTTT'}]}",7.0
43,1499619256341864450,2022-03-04 05:34:26+00:00,False,"RT @AsukaNFT: My Tsuki Fam!

I love you all truly and big tings are on the way! Just be patient and Trust the Process. Tsuki is my Life not‚Ä¶",58,0,0,,,"{'mentions': [{'start': 3, 'end': 12, 'username': 'AsukaNFT', 'id': '1468038348648312833'}]}",0.0
44,1499220770794442754,2022-03-03 03:11:00+00:00,False,"GN Tsuki Fam!

Big Things on the Way!

We Love you all!

#TsukiNFT",133,66,409,,,"{'hashtags': [{'start': 57, 'end': 66, 'tag': 'TsukiNFT'}]}",6.0
45,1498563911175520256,2022-03-01 07:40:53+00:00,False,"RT @AsukaNFT: GN Tsuki Fam„ÉÑ

In Collaboration with @shinsekaicorp we are Giving Away x5 Shinsekai NFT WL Spots! 

Rules to Enter:
1Ô∏è‚É£ RT an‚Ä¶",2567,0,0,,,"{'mentions': [{'start': 3, 'end': 12, 'username': 'AsukaNFT', 'id': '1468038348648312833'}, {'start': 51, 'end': 65, 'username': 'shinsekaicorp', 'id': '1489314358748344320'}]}",0.0
46,1498446418218033159,2022-02-28 23:54:00+00:00,False,"Our Momons are almost Ready for the
@Worldwide_WEB3

Who is Ready to Roam the Metaverse?

Merch and Collectibles OTW
#TsukiNFT https://t.co/rqr5EBAy1H",161,36,381,,{'media_keys': ['3_1498446412723507205']},"{'mentions': [{'start': 36, 'end': 51, 'username': 'Worldwide_WEB3', 'id': '1363526518706733058'}], 'hashtags': [{'start': 117, 'end': 126, 'tag': 'TsukiNFT'}], 'urls': [{'start': 127, 'end': 150, 'url': 'https://t.co/rqr5EBAy1H', 'expanded_url': 'https://twitter.com/TsukiNFT/status/1498446418218033159/photo/1', 'display_url': 'pic.twitter.com/rqr5EBAy1H'}]}",6.0
47,1498341446361001986,2022-02-28 16:56:53+00:00,True,"@AsukaNFT @SixthReseau Winners üèÜ
‚Ä¢ @wavelasq
‚Ä¢ @Henriquejveiga
‚Ä¢ @edavaa108
‚Ä¢ @CryptoEboy
‚Ä¢ @amitkum62001048
‚Ä¢ @NFTqo0
‚Ä¢ @Numckemp
‚Ä¢ @thomaskonidaris
‚Ä¢ @Crinklezz
‚Ä¢ @AboozieNFT

DM Us!

Twitter or Discord üôÇ",2,3,39,,,"{'mentions': [{'start': 0, 'end': 9, 'username': 'AsukaNFT', 'id': '1468038348648312833'}, {'start': 10, 'end': 22, 'username': 'SixthReseau', 'id': '4615163193'}, {'start': 35, 'end': 44, 'username': 'wavelasq', 'id': '164360878'}, {'start': 47, 'end': 62, 'username': 'Henriquejveiga', 'id': '167515894'}, {'start': 65, 'end': 75, 'username': 'edavaa108', 'id': '2199284192'}, {'start': 78, 'end': 89, 'username': 'CryptoEboy', 'id': '1496816772758274050'}, {'start': 92, 'end': 108, 'username': 'amitkum62001048', 'id': '1393471665321832448'}, {'start': 111, 'end': 118, 'username': 'NFTqo0', 'id': '1471799242255704069'}, {'start': 121, 'end': 130, 'username': 'Numckemp', 'id': '1227143833328193538'}, {'start': 133, 'end': 149, 'username': 'thomaskonidaris', 'id': '912284411583803392'}, {'start': 165, 'end': 176, 'username': 'AboozieNFT', 'id': '1470215557291163648'}]}",0.0
48,1498339934557593606,2022-02-28 16:50:52+00:00,False,"üå∏Tsuki X ShinSekai‚õ©

In Collaboration with @shinsekaicorp we are Giving Away x5 Shinsekai NFT WL Spots! 

More Spots OTW! Stay Tuned!

Rules to Enter:
1Ô∏è‚É£ RT and Like
2Ô∏è‚É£ @TsukiNFT + @shinsekaicorp 
3Ô∏è‚É£ Tag 3 Friends

‚úîWinners in 24 hours

#TsukiNFT #NFTGiveaway #Whitelist https://t.co/7lywDKduPj",2995,3595,3132,,{'media_keys': ['3_1498339928207503366']},"{'mentions': [{'start': 43, 'end': 57, 'username': 'shinsekaicorp', 'id': '1489314358748344320'}, {'start': 171, 'end': 180, 'username': 'TsukiNFT', 'id': '1483056032330960904'}, {'start': 183, 'end': 197, 'username': 'shinsekaicorp', 'id': '1489314358748344320'}], 'hashtags': [{'start': 240, 'end': 249, 'tag': 'TsukiNFT'}, {'start': 250, 'end': 262, 'tag': 'NFTGiveaway'}, {'start': 263, 'end': 273, 'tag': 'Whitelist'}], 'urls': [{'start': 274, 'end': 297, 'url': 'https://t.co/7lywDKduPj', 'expanded_url': 'https://twitter.com/TsukiNFT/status/1498339934557593606/photo/1', 'display_url': 'pic.twitter.com/7lywDKduPj'}]}",27.0
49,1498127934707675137,2022-02-28 02:48:28+00:00,False,"GN Tsuki Famüå∏ 

We Love You All!

Thanks for Joining our AMA!

#TsukiNFT https://t.co/YRVcCZ4k9D",67,30,251,,{'media_keys': ['16_1498127648983236609']},"{'hashtags': [{'start': 63, 'end': 72, 'tag': 'TsukiNFT'}], 'urls': [{'start': 73, 'end': 96, 'url': 'https://t.co/YRVcCZ4k9D', 'expanded_url': 'https://twitter.com/TsukiNFT/status/1498127934707675137/photo/1', 'display_url': 'pic.twitter.com/YRVcCZ4k9D'}]}",0.0
50,1498020116885291026,2022-02-27 19:40:02+00:00,False,"AMA Tonightüå∏

Can we Raid? @Banks @SnoopDogg @PunkieEth @garyvee

Lets show them who we are!

#TsukiNFT @TsukiNFT https://t.co/TA2adJBNhK",177,76,340,,{'media_keys': ['3_1498020113236246537']},"{'mentions': [{'start': 27, 'end': 33, 'username': 'Banks', 'id': '363811679'}, {'start': 34, 'end': 44, 'username': 'SnoopDogg', 'id': '3004231'}, {'start': 45, 'end': 55, 'username': 'PunkieEth', 'id': '1368323930029690886'}, {'start': 56, 'end': 64, 'username': 'garyvee', 'id': '5768872'}, {'start': 104, 'end': 113, 'username': 'TsukiNFT', 'id': '1483056032330960904'}], 'hashtags': [{'start': 94, 'end': 103, 'tag': 'TsukiNFT'}], 'urls': [{'start': 114, 'end': 137, 'url': 'https://t.co/TA2adJBNhK', 'expanded_url': 'https://twitter.com/TsukiNFT/status/1498020116885291026/photo/1', 'display_url': 'pic.twitter.com/TA2adJBNhK'}]}",5.0
51,1497986016346574848,2022-02-27 17:24:32+00:00,False,"RT @AsukaNFT: Hi Everyone„ÉÑ

I am Giving Away x1 Free Tsuki NFT to x1 Lucky Holder‚õ©

Rules to Enter:
- RT + Like
- Follow @AsukaNFT , @Tsuki‚Ä¶",2970,0,0,,,"{'mentions': [{'start': 3, 'end': 12, 'username': 'AsukaNFT', 'id': '1468038348648312833'}, {'start': 121, 'end': 130, 'username': 'AsukaNFT', 'id': '1468038348648312833'}]}",0.0
52,1497978765896560650,2022-02-27 16:55:43+00:00,False,"Twitter Space is Starting at 8PM (EST)

We would love to see you all Join Us!

https://t.co/KN1PKHA403",98,27,310,,,"{'annotations': [{'start': 0, 'end': 6, 'probability': 0.509, 'type': 'Product', 'normalized_text': 'Twitter'}], 'urls': [{'start': 79, 'end': 102, 'url': 'https://t.co/KN1PKHA403', 'expanded_url': 'https://twitter.com/i/spaces/1lDGLLmllQvGm', 'display_url': 'twitter.com/i/spaces/1lDGL‚Ä¶'}]}",6.0
53,1497775280512983041,2022-02-27 03:27:08+00:00,False,"Goodnight Tsukiüå∏

Come Join our Family!

OpenSea- https://t.co/khuZdfKLqu

#TsukiNFT https://t.co/Xu8JKGnpoA",162,46,376,,{'media_keys': ['3_1497775276499025922']},"{'hashtags': [{'start': 75, 'end': 84, 'tag': 'TsukiNFT'}], 'annotations': [{'start': 10, 'end': 14, 'probability': 0.5746, 'type': 'Person', 'normalized_text': 'Tsuki'}], 'urls': [{'start': 50, 'end': 73, 'url': 'https://t.co/khuZdfKLqu', 'expanded_url': 'https://opensea.io/collection/tales-of-tsuki-genesis?tab=activity', 'display_url': 'opensea.io/collection/tal‚Ä¶'}, {'start': 85, 'end': 108, 'url': 'https://t.co/Xu8JKGnpoA', 'expanded_url': 'https://twitter.com/TsukiNFT/status/1497775280512983041/photo/1', 'display_url': 'pic.twitter.com/Xu8JKGnpoA'}]}",8.0
54,1497631752411656196,2022-02-26 17:56:49+00:00,True,"@TsukiNFT x @SixthReseau 

We're giving away 10 WHITELIST + 5 Lucidia Dreams NFTs from SixthR√©seau!

To enter: 
1Ô∏è‚É£ Like and Retweet
2Ô∏è‚É£ Follow @TsukiNFT  + @SixthReseau 
3Ô∏è‚É£ Tag 3 friends 

Winners announced in 24 Hours

Good luck!
#NFTGiveaway #NFTGiveaway https://t.co/drM98uuBSn",3617,3747,3387,,{'media_keys': ['3_1497631748124991495']},"{'mentions': [{'start': 0, 'end': 9, 'username': 'TsukiNFT', 'id': '1483056032330960904'}, {'start': 12, 'end': 24, 'username': 'SixthReseau', 'id': '4615163193'}, {'start': 144, 'end': 153, 'username': 'TsukiNFT', 'id': '1483056032330960904'}, {'start': 157, 'end': 169, 'username': 'SixthReseau', 'id': '4615163193'}], 'hashtags': [{'start': 233, 'end': 245, 'tag': 'NFTGiveaway'}, {'start': 246, 'end': 258, 'tag': 'NFTGiveaway'}], 'urls': [{'start': 259, 'end': 282, 'url': 'https://t.co/drM98uuBSn', 'expanded_url': 'https://twitter.com/TsukiNFT/status/1497631752411656196/photo/1', 'display_url': 'pic.twitter.com/drM98uuBSn'}]}",35.0
55,1497404953698222088,2022-02-26 02:55:36+00:00,False,"RT @RaritySniperNFT: The Tsuki Official Rarity Ranking is live! üíé

https://t.co/VcdArucn8J

Tales of Tsuki is a collection of 9,999 beautif‚Ä¶",106,0,0,,,"{'mentions': [{'start': 3, 'end': 19, 'username': 'RaritySniperNFT', 'id': '1416070452372459523'}], 'urls': [{'start': 67, 'end': 90, 'url': 'https://t.co/VcdArucn8J', 'expanded_url': 'https://raritysniper.com/tales-of-tsuki-genesis', 'display_url': 'raritysniper.com/tales-of-tsuki‚Ä¶'}]}",0.0
56,1497392453707603968,2022-02-26 02:05:55+00:00,False,"We are Officially Revealedüå∏

Go Refresh your Metadata! https://t.co/8gCdvmJFwD",180,92,536,,{'media_keys': ['3_1497392449148395523']},"{'urls': [{'start': 55, 'end': 78, 'url': 'https://t.co/8gCdvmJFwD', 'expanded_url': 'https://twitter.com/TsukiNFT/status/1497392453707603968/photo/1', 'display_url': 'pic.twitter.com/8gCdvmJFwD'}]}",7.0
57,1497384460857356292,2022-02-26 01:34:10+00:00,False,"Reveal is in 30 Minutesüå∏

Who is Ready!

Let‚Äôs see your Tsuki‚Äôs

#TsukiNFT https://t.co/1tJ7lKs5eq",213,57,537,,{'media_keys': ['3_1497384456650375170']},"{'hashtags': [{'start': 65, 'end': 74, 'tag': 'TsukiNFT'}], 'urls': [{'start': 75, 'end': 98, 'url': 'https://t.co/1tJ7lKs5eq', 'expanded_url': 'https://twitter.com/TsukiNFT/status/1497384460857356292/photo/1', 'display_url': 'pic.twitter.com/1tJ7lKs5eq'}]}",11.0
58,1497303688410505217,2022-02-25 20:13:12+00:00,False,"RT @A1AlphaNFT: üéÅüö®FREE #NFT GIVEAWAYüö®üéÅ

We are SUPER excited for the upcoming @TsukiNFT REVEAL! You all should watch this space frens.

To‚Ä¶",1574,0,0,,,"{'mentions': [{'start': 3, 'end': 14, 'username': 'A1AlphaNFT', 'id': '1486504698899279874'}, {'start': 78, 'end': 87, 'username': 'TsukiNFT', 'id': '1483056032330960904'}], 'hashtags': [{'start': 23, 'end': 27, 'tag': 'NFT'}]}",0.0
59,1497260689102147591,2022-02-25 17:22:20+00:00,False,RT @CashMoneyAp: can‚Äôt wait for the reveal for @TsukiNFT tonight at 8pm EST ü§íüî• @AsukaNFT üëÄüí™üèΩ  let‚Äôs goooo https://t.co/EEurD1m5ku,423,0,0,,{'media_keys': ['3_1497260421706752000']},"{'mentions': [{'start': 3, 'end': 15, 'username': 'CashMoneyAp', 'id': '346025327'}, {'start': 47, 'end': 56, 'username': 'TsukiNFT', 'id': '1483056032330960904'}, {'start': 79, 'end': 88, 'username': 'AsukaNFT', 'id': '1468038348648312833'}], 'urls': [{'start': 106, 'end': 129, 'url': 'https://t.co/EEurD1m5ku', 'expanded_url': 'https://twitter.com/CashMoneyAp/status/1497260424131059712/photo/1', 'display_url': 'pic.twitter.com/EEurD1m5ku'}]}",0.0
60,1497257445181333511,2022-02-25 17:09:27+00:00,False,"RT @metararity: üéÅ #NFTGiveaway üéÅ

We've partnered with @TsukiNFT for their NFT REVEAL!

Giving Away x1 Free Tsuki NFT to x1 Lucky Winner!üå∏‚Ä¶",3570,0,0,,,"{'mentions': [{'start': 3, 'end': 14, 'username': 'metararity', 'id': '1455785780719329280'}, {'start': 55, 'end': 64, 'username': 'TsukiNFT', 'id': '1483056032330960904'}], 'hashtags': [{'start': 18, 'end': 30, 'tag': 'NFTGiveaway'}]}",0.0
61,1497238703097458693,2022-02-25 15:54:58+00:00,False,"This is Our Final Sneek PeeküëÄ

Reveal is in less than 12 Hours!

What Tsuki will you Get?

#TsukiNFT #TsukiFollowTsuki https://t.co/TUnZ2yCVTc",299,123,651,,{'media_keys': ['3_1497238698513121297']},"{'hashtags': [{'start': 91, 'end': 100, 'tag': 'TsukiNFT'}, {'start': 101, 'end': 118, 'tag': 'TsukiFollowTsuki'}], 'urls': [{'start': 119, 'end': 142, 'url': 'https://t.co/TUnZ2yCVTc', 'expanded_url': 'https://twitter.com/TsukiNFT/status/1497238703097458693/photo/1', 'display_url': 'pic.twitter.com/TUnZ2yCVTc'}]}",9.0
62,1497071058100367360,2022-02-25 04:48:49+00:00,False,"RT @AsukaNFT: @TsukiNFT x @SixthReseauüå∏

We're giving away 10 WHITELIST + 5 Lucidia Dreams NFTs from SixthR√©seau!

To enter: 
1Ô∏è‚É£ Like and‚Ä¶",3687,0,0,,,"{'mentions': [{'start': 3, 'end': 12, 'username': 'AsukaNFT', 'id': '1468038348648312833'}, {'start': 14, 'end': 23, 'username': 'TsukiNFT', 'id': '1483056032330960904'}, {'start': 26, 'end': 38, 'username': 'SixthReseau', 'id': '4615163193'}]}",0.0
63,1497028327587999745,2022-02-25 01:59:01+00:00,False,"RT @mjmfrance: Everyone, I just bought the 1/1 @TsukiNFT for charity - ITS FOR THE KIDS!   @SVSNFT please check out this project!    https:‚Ä¶",135,0,0,,,"{'mentions': [{'start': 3, 'end': 13, 'username': 'mjmfrance', 'id': '1452772964534005770'}, {'start': 47, 'end': 56, 'username': 'TsukiNFT', 'id': '1483056032330960904'}, {'start': 91, 'end': 98, 'username': 'SVSNFT', 'id': '1427287368160223236'}]}",0.0
64,1497023981030940678,2022-02-25 01:41:45+00:00,False,"Thank you for participating üå∏

Our 1/1 Tsuki has Sold for 2.85 ETH

We will update you soon with our Two Donationsüíï

#TsukiNFT #SaveTheKids https://t.co/S0TTEzfuJb",136,28,404,,{'media_keys': ['3_1497023977482510343']},"{'hashtags': [{'start': 117, 'end': 126, 'tag': 'TsukiNFT'}, {'start': 127, 'end': 139, 'tag': 'SaveTheKids'}], 'urls': [{'start': 140, 'end': 163, 'url': 'https://t.co/S0TTEzfuJb', 'expanded_url': 'https://twitter.com/TsukiNFT/status/1497023981030940678/photo/1', 'display_url': 'pic.twitter.com/S0TTEzfuJb'}]}",3.0
65,1496981302012174336,2022-02-24 22:52:09+00:00,True,"We are not small. Web3 is not small. NFT‚Äôs are meant to be built upon uplifting communities, not currency.",21,4,132,,,,0.0
66,1496981249449242630,2022-02-24 22:51:57+00:00,True,"We are currently exploring ways to help in any way we can. Including monetarily, using our voices reach, or through individual support to Ukrainian artists that may need defi support.",21,2,123,,,,0.0
67,1496981199507517444,2022-02-24 22:51:45+00:00,True,"Since the launch of our project we‚Äôve seen tremendous support from both Ukraine üá∫üá¶ and Russia üá∑üá∫. We witnessed constructive conversations between both nations while tensions rose, and saw only hope for peace from either side.",7,2,83,,,"{'annotations': [{'start': 72, 'end': 78, 'probability': 0.9562, 'type': 'Place', 'normalized_text': 'Ukraine'}, {'start': 89, 'end': 94, 'probability': 0.9962, 'type': 'Place', 'normalized_text': 'Russia'}]}",0.0
68,1496981132180692992,2022-02-24 22:51:29+00:00,False,"The Tsuki team is extremely saddened by the decisions made by the Russian government to move forward with the invasion that occurred last night and is still underway. 

Any loss of life, from either side, is too much.",110,21,512,,,"{'annotations': [{'start': 4, 'end': 8, 'probability': 0.46, 'type': 'Organization', 'normalized_text': 'Tsuki'}]}",3.0
69,1496914291831840772,2022-02-24 18:25:53+00:00,False,"RT @AsukaNFT: The Beautiful 1/1 Tsuki is on Auctionüå∏

Ending in 6 Hours! Goodluck!

https://t.co/os2MGovlP0 https://t.co/7XJPl6AtNc",459,0,0,,{'media_keys': ['3_1496914107752198157']},"{'mentions': [{'start': 3, 'end': 12, 'username': 'AsukaNFT', 'id': '1468038348648312833'}], 'annotations': [{'start': 32, 'end': 36, 'probability': 0.5143, 'type': 'Person', 'normalized_text': 'Tsuki'}], 'urls': [{'start': 84, 'end': 107, 'url': 'https://t.co/os2MGovlP0', 'expanded_url': 'https://opensea.io/assets/0x33a237b384b7065c815f7c745d73a0acf140449c/9999', 'display_url': 'opensea.io/assets/0x33a23‚Ä¶'}, {'start': 108, 'end': 131, 'url': 'https://t.co/7XJPl6AtNc', 'expanded_url': 'https://twitter.com/AsukaNFT/status/1496914110847537157/photo/1', 'display_url': 'pic.twitter.com/7XJPl6AtNc'}]}",0.0
70,1496896126074880000,2022-02-24 17:13:42+00:00,False,"Our 1/1 Auction is Still Liveüå∏

End in 7 Hours and 30 Min!

Top Bid is .5 Who will Win?
#TsukiNFT #SaveTheKids https://t.co/9L7zjEI6m6",433,36,282,,{'media_keys': ['3_1496896121708421120']},"{'hashtags': [{'start': 88, 'end': 97, 'tag': 'TsukiNFT'}, {'start': 98, 'end': 110, 'tag': 'SaveTheKids'}], 'urls': [{'start': 111, 'end': 134, 'url': 'https://t.co/9L7zjEI6m6', 'expanded_url': 'https://twitter.com/TsukiNFT/status/1496896126074880000/photo/1', 'display_url': 'pic.twitter.com/9L7zjEI6m6'}]}",5.0
71,1496650518416011266,2022-02-24 00:57:44+00:00,False,"1/1 for Charity Auction has Begunüíû

The Auction will End in 24hrs!

(All Proceeds are for Children in Need)

https://t.co/KglqzVCYkz https://t.co/XXoYQ73BVk",176,38,440,,{'media_keys': ['3_1496650512430768134']},"{'urls': [{'start': 109, 'end': 132, 'url': 'https://t.co/KglqzVCYkz', 'expanded_url': 'https://opensea.io/assets/0x33a237b384b7065c815f7c745d73a0acf140449c/9999', 'display_url': 'opensea.io/assets/0x33a23‚Ä¶'}, {'start': 133, 'end': 156, 'url': 'https://t.co/XXoYQ73BVk', 'expanded_url': 'https://twitter.com/TsukiNFT/status/1496650518416011266/photo/1', 'display_url': 'pic.twitter.com/XXoYQ73BVk'}]}",7.0
72,1496563814048976901,2022-02-23 19:13:12+00:00,False,"Our 1/1 For Charityüíû

Auction to Begin at 2/23 @8PM (EST)

(All proceeds go to Children in need)

#TsukiNFT https://t.co/yYdrNVUuSv",186,38,471,,{'media_keys': ['3_1496563810521559040']},"{'mentions': [{'start': 47, 'end': 51, 'username': '8pm', 'id': '17829443'}], 'hashtags': [{'start': 98, 'end': 107, 'tag': 'TsukiNFT'}], 'urls': [{'start': 108, 'end': 131, 'url': 'https://t.co/yYdrNVUuSv', 'expanded_url': 'https://twitter.com/TsukiNFT/status/1496563814048976901/photo/1', 'display_url': 'pic.twitter.com/yYdrNVUuSv'}]}",5.0
73,1496495998901886978,2022-02-23 14:43:44+00:00,False,"üå∏Tsuki x Braindomsüß†

In Collaboration with @Braindompuzzle they 3 WLs for Braindom Games
Mint Date: 3 March 

Rules:
1Ô∏è‚É£ Follow @TsukiNFT + @Braindompuzzle
2Ô∏è‚É£ RT and Like
3Ô∏è‚É£ Tag 3 Friends

Ends in 48 hrs! https://t.co/VAorcKzDWM",5014,5181,5088,,{'media_keys': ['3_1496495993872912388']},"{'mentions': [{'start': 43, 'end': 58, 'username': 'Braindompuzzle', 'id': '1282594694095134720'}, {'start': 128, 'end': 137, 'username': 'TsukiNFT', 'id': '1483056032330960904'}, {'start': 140, 'end': 155, 'username': 'Braindompuzzle', 'id': '1282594694095134720'}], 'urls': [{'start': 207, 'end': 230, 'url': 'https://t.co/VAorcKzDWM', 'expanded_url': 'https://twitter.com/TsukiNFT/status/1496495998901886978/photo/1', 'display_url': 'pic.twitter.com/VAorcKzDWM'}]}",62.0
74,1496318173917986818,2022-02-23 02:57:07+00:00,False,"GN Tsukiüå∏

#TsukiNFT https://t.co/taN2yK6GvU",141,45,589,,{'media_keys': ['3_1496318170541563920']},"{'hashtags': [{'start': 11, 'end': 20, 'tag': 'TsukiNFT'}], 'urls': [{'start': 21, 'end': 44, 'url': 'https://t.co/taN2yK6GvU', 'expanded_url': 'https://twitter.com/TsukiNFT/status/1496318173917986818/photo/1', 'display_url': 'pic.twitter.com/taN2yK6GvU'}]}",2.0
75,1496317186423537664,2022-02-23 02:53:12+00:00,False,"RT @Worldwide_WEB3: Another apartment acquisition‚ùóÔ∏è

@TsukiNFT just bought a Large Apartment for their community to build, meet &amp; party ins‚Ä¶",125,0,0,,,"{'mentions': [{'start': 3, 'end': 18, 'username': 'Worldwide_WEB3', 'id': '1363526518706733058'}, {'start': 53, 'end': 62, 'username': 'TsukiNFT', 'id': '1483056032330960904'}]}",0.0
76,1496175161913057285,2022-02-22 17:28:50+00:00,False,"We Officially are in the @Worldwide_WEB3 üå∏

We cannot wait to explore the Webb Land with you all! Cant wait to see all our Tsuki girls reveal on Friday!

Love you all! #TsukiNFT https://t.co/YspuvJ8ApA",279,68,714,,{'media_keys': ['3_1496175154354868232']},"{'mentions': [{'start': 25, 'end': 40, 'username': 'Worldwide_WEB3', 'id': '1363526518706733058'}], 'hashtags': [{'start': 168, 'end': 177, 'tag': 'TsukiNFT'}], 'annotations': [{'start': 75, 'end': 83, 'probability': 0.7054, 'type': 'Place', 'normalized_text': 'Webb Land'}], 'urls': [{'start': 178, 'end': 201, 'url': 'https://t.co/YspuvJ8ApA', 'expanded_url': 'https://twitter.com/TsukiNFT/status/1496175161913057285/photo/1', 'display_url': 'pic.twitter.com/YspuvJ8ApA'}]}",7.0
77,1496133196601344015,2022-02-22 14:42:05+00:00,False,"Thanks for an amazing AMA last night so many amazing questions I honestly cannot thank you all!

- Merch is on the way
- Community wallet is funded
- More WL opportunities on the way
- IRL Companions to find their owners https://t.co/EJ3upVHIck",258,65,661,,{'media_keys': ['3_1496133192490926090']},"{'urls': [{'start': 221, 'end': 244, 'url': 'https://t.co/EJ3upVHIck', 'expanded_url': 'https://twitter.com/TsukiNFT/status/1496133196601344015/photo/1', 'display_url': 'pic.twitter.com/EJ3upVHIck'}]}",3.0
78,1495963977901387781,2022-02-22 03:29:40+00:00,False,"GN Tsuki,

I hope you all enjoyed the AMA!
Reveal is on February 25th Be Ready!

RT and Like for 1 More Sneak Peeküå∏

#TsukiNFT https://t.co/0kR1M9REbz",696,106,1230,,{'media_keys': ['3_1495963971916029956']},"{'hashtags': [{'start': 117, 'end': 126, 'tag': 'TsukiNFT'}], 'urls': [{'start': 127, 'end': 150, 'url': 'https://t.co/0kR1M9REbz', 'expanded_url': 'https://twitter.com/TsukiNFT/status/1495963977901387781/photo/1', 'display_url': 'pic.twitter.com/0kR1M9REbz'}]}",5.0
79,1495926103915040768,2022-02-22 00:59:10+00:00,False,"AMA is Going Live in 5 Minutes!

 https://t.co/bpY12dks4E",119,27,341,,,"{'urls': [{'start': 34, 'end': 57, 'url': 'https://t.co/bpY12dks4E', 'expanded_url': 'https://twitter.com/i/spaces/1YqKDqjbAvoGV', 'display_url': 'twitter.com/i/spaces/1YqKD‚Ä¶'}]}",6.0
80,1495823318112423938,2022-02-21 18:10:44+00:00,False,"WOW! #7 in the past 24 hours!! You guys are truly incredible!! 

AMA in our Discord Tonight at 8PM (EST)

#TsukiFollowTsuki #TsukiNFT https://t.co/Iyk70qj5Xp",270,86,782,,{'media_keys': ['3_1495823315453325316']},"{'hashtags': [{'start': 106, 'end': 123, 'tag': 'TsukiFollowTsuki'}, {'start': 124, 'end': 133, 'tag': 'TsukiNFT'}], 'urls': [{'start': 134, 'end': 157, 'url': 'https://t.co/Iyk70qj5Xp', 'expanded_url': 'https://twitter.com/TsukiNFT/status/1495823318112423938/photo/1', 'display_url': 'pic.twitter.com/Iyk70qj5Xp'}]}",9.0
81,1495765049960505350,2022-02-21 14:19:12+00:00,False,"This is a special thanks to our amazing artist @vmatbox this project and team would not be the same without you! 

We all cannot thank you enough for blessing us with Tsukiüå∏ https://t.co/UPnX5gbjXb",164,34,539,,{'media_keys': ['16_1495765040905039879']},"{'mentions': [{'start': 47, 'end': 55, 'username': 'vmatbox', 'id': '87571384'}], 'annotations': [{'start': 167, 'end': 171, 'probability': 0.5663, 'type': 'Person', 'normalized_text': 'Tsuki'}], 'urls': [{'start': 174, 'end': 197, 'url': 'https://t.co/UPnX5gbjXb', 'expanded_url': 'https://twitter.com/TsukiNFT/status/1495765049960505350/photo/1', 'display_url': 'pic.twitter.com/UPnX5gbjXb'}]}",0.0
82,1495585557149368323,2022-02-21 02:25:58+00:00,False,"Public Mint Sold Out in Seconds‚Ä¶

We cannot thank each and everyone of you enough! This community is truly special! We have never seen any thing like it, honestly beautiful! https://t.co/UM6sStl82i",280,85,847,,{'media_keys': ['16_1495585551818399745']},"{'urls': [{'start': 174, 'end': 197, 'url': 'https://t.co/UM6sStl82i', 'expanded_url': 'https://twitter.com/TsukiNFT/status/1495585557149368323/photo/1', 'display_url': 'pic.twitter.com/UM6sStl82i'}]}",18.0
83,1495579139826495494,2022-02-21 02:00:28+00:00,False,"Hi Tsuki Fam (&gt;‚Äø‚ó†)üå∏

Public Mint is Officially Live!

Mint Link: https://t.co/xW1Kn7FyGx https://t.co/2qPqWkVr7V",84,55,395,,{'media_keys': ['3_1495579136164773889']},"{'urls': [{'start': 68, 'end': 91, 'url': 'https://t.co/xW1Kn7FyGx', 'expanded_url': 'https://www.tsukinft.com', 'display_url': 'tsukinft.com'}, {'start': 92, 'end': 115, 'url': 'https://t.co/2qPqWkVr7V', 'expanded_url': 'https://twitter.com/TsukiNFT/status/1495579139826495494/photo/1', 'display_url': 'pic.twitter.com/2qPqWkVr7V'}]}",6.0
84,1495526366917373956,2022-02-20 22:30:46+00:00,True,@bebsigirl We are Tales of Tsuki Genesis all others are scams and its also in our bio!,1,1,6,,,"{'annotations': [{'start': 18, 'end': 39, 'probability': 0.2157, 'type': 'Other', 'normalized_text': 'Tales of Tsuki Genesis'}]}",0.0
85,1495501704179200007,2022-02-20 20:52:46+00:00,False,"Thank you all for the amazing support, our community is truly beautiful!

Public Sale is Starting at 9 PM (EST)

https://t.co/xW1Kn7FyGx https://t.co/nwRQmfDAip",218,55,718,,{'media_keys': ['3_1495501700790169607']},"{'urls': [{'start': 113, 'end': 136, 'url': 'https://t.co/xW1Kn7FyGx', 'expanded_url': 'https://www.tsukinft.com', 'display_url': 'tsukinft.com'}, {'start': 137, 'end': 160, 'url': 'https://t.co/nwRQmfDAip', 'expanded_url': 'https://twitter.com/TsukiNFT/status/1495501704179200007/photo/1', 'display_url': 'pic.twitter.com/nwRQmfDAip'}]}",5.0
86,1495401785770524672,2022-02-20 14:15:43+00:00,False,"Our Official Opensea üåä

https://t.co/w1UBSAFbQo",124,43,432,,,"{'urls': [{'start': 24, 'end': 47, 'url': 'https://t.co/w1UBSAFbQo', 'expanded_url': 'https://opensea.io/collection/tales-of-tsuki-genesis', 'display_url': 'opensea.io/collection/tal‚Ä¶'}]}",6.0
87,1495398092371337221,2022-02-20 14:01:03+00:00,False,"üå∏Whitelist Mint Is Officially Live! 

https://t.co/mE48Pkb82v",131,59,600,,,"{'urls': [{'start': 38, 'end': 61, 'url': 'https://t.co/mE48Pkb82v', 'expanded_url': 'https://tsukinft.com/', 'display_url': 'tsukinft.com'}]}",4.0
88,1495384070448107520,2022-02-20 13:05:19+00:00,False,"Whitelist Mint Begins in 1 hour! We want to say thank you all so much!

If you are on whitelist you can use the link provided to mint your tsukis at 9 AM EST üå∏

https://t.co/qmaTzKjbk6",129,45,578,,,"{'annotations': [{'start': 0, 'end': 13, 'probability': 0.6341, 'type': 'Product', 'normalized_text': 'Whitelist Mint'}], 'urls': [{'start': 161, 'end': 184, 'url': 'https://t.co/qmaTzKjbk6', 'expanded_url': 'https://www.tsukinft.com/', 'display_url': 'tsukinft.com'}]}",2.0
89,1495078132042371079,2022-02-19 16:49:38+00:00,False,"RT @TheSpacePals: üöÄ @TheSpacePals x @TsukiNFT üå∏

We're giving away WHITELIST spots from Tsuki!

To enter: 
1Ô∏è‚É£ Like and Retweet
2Ô∏è‚É£ Follow‚Ä¶",4189,0,0,,,"{'mentions': [{'start': 3, 'end': 16, 'username': 'TheSpacePals', 'id': '1458932761423532033'}, {'start': 20, 'end': 33, 'username': 'TheSpacePals', 'id': '1458932761423532033'}, {'start': 36, 'end': 45, 'username': 'TsukiNFT', 'id': '1483056032330960904'}]}",0.0
90,1495062438181490689,2022-02-19 15:47:16+00:00,False,"GM Tsuki üå∏

We are Officially less than 24hrs Away!

I hope you all are ready! https://t.co/7RzomiREpk",542,197,1584,,{'media_keys': ['3_1495062434524106753']},"{'urls': [{'start': 79, 'end': 102, 'url': 'https://t.co/7RzomiREpk', 'expanded_url': 'https://twitter.com/TsukiNFT/status/1495062438181490689/photo/1', 'display_url': 'pic.twitter.com/7RzomiREpk'}]}",12.0
91,1494712429674217477,2022-02-18 16:36:28+00:00,False,"RT @RaritySniperNFT: Tsuki X Rarity Sniper üå∏‚õ©

We've partnered with @TsukiNFT to be their Exclusive Rarity Partner! 

To celebrate, we're g‚Ä¶",10442,0,0,,,"{'mentions': [{'start': 3, 'end': 19, 'username': 'RaritySniperNFT', 'id': '1416070452372459523'}, {'start': 68, 'end': 77, 'username': 'TsukiNFT', 'id': '1483056032330960904'}]}",0.0
92,1494697637731258374,2022-02-18 15:37:41+00:00,False,"GM Tsuki ‚õ©

Giving away 1 WL to 1 Lucky Person!

RT and Like, Follow, Tag Friends",10490,10464,11664,,,,267.0
93,1494431161233383428,2022-02-17 21:58:48+00:00,False,"Hi #Tsuki Fam! We hope you all love the 8th Member of Tsukiüå∏ 

Launch is Days Away!

Who is Ready?

RT and Like for a Chance of Whitelist! https://t.co/DYKO9aoHFI",8177,2291,8845,,{'media_keys': ['3_1494431157202694144']},"{'hashtags': [{'start': 3, 'end': 9, 'tag': 'Tsuki'}], 'urls': [{'start': 139, 'end': 162, 'url': 'https://t.co/DYKO9aoHFI', 'expanded_url': 'https://twitter.com/TsukiNFT/status/1494431161233383428/photo/1', 'display_url': 'pic.twitter.com/DYKO9aoHFI'}]}",79.0
94,1494281734678065153,2022-02-17 12:05:02+00:00,False,"RT @hellowillfan: We're witnessing the future of art evolving before our very eyes. 

I had a conversation with Brazilian concept artist an‚Ä¶",276,0,0,,,"{'mentions': [{'start': 3, 'end': 16, 'username': 'hellowillfan', 'id': '2934532507'}]}",0.0
95,1494251847586131968,2022-02-17 10:06:16+00:00,False,"RT @CoolMonkes: Hey Monkes! 

Tsuki have dropped 10 WLs in Monke World and we‚Äôre giving them to you! üåéüêí 

All you have to do is:
üçåFollow @T‚Ä¶",5679,0,0,,,"{'mentions': [{'start': 3, 'end': 14, 'username': 'CoolMonkes', 'id': '1463361155175522308'}], 'annotations': [{'start': 30, 'end': 34, 'probability': 0.4545, 'type': 'Person', 'normalized_text': 'Tsuki'}, {'start': 59, 'end': 69, 'probability': 0.3393, 'type': 'Place', 'normalized_text': 'Monke World'}]}",0.0
96,1494034708170223620,2022-02-16 19:43:26+00:00,False,"Welcome the 7th Member of Tsukiüå∏

Launch ETA: 4 Days‚Ä¶

RT and Like for a Chance of Whitelist! https://t.co/ZiILZfc8xJ",9080,2816,10056,,{'media_keys': ['3_1494034703447433220']},"{'urls': [{'start': 94, 'end': 117, 'url': 'https://t.co/ZiILZfc8xJ', 'expanded_url': 'https://twitter.com/TsukiNFT/status/1494034708170223620/photo/1', 'display_url': 'pic.twitter.com/ZiILZfc8xJ'}]}",95.0
97,1493643107086352394,2022-02-15 17:47:21+00:00,False,"RT @721starter: We got 150 WL spots for @TsukiNFT. 

Start to apply now on our website: https://t.co/WTFcVfUBQs üà∑Ô∏èüåù",774,0,0,,,"{'mentions': [{'start': 3, 'end': 14, 'username': '721starter', 'id': '1480233055633784833'}, {'start': 40, 'end': 49, 'username': 'TsukiNFT', 'id': '1483056032330960904'}], 'urls': [{'start': 88, 'end': 111, 'url': 'https://t.co/WTFcVfUBQs', 'expanded_url': 'http://www.721.com', 'display_url': '721.com'}]}",0.0
98,1493636105765326854,2022-02-15 17:19:32+00:00,False,"Who is Ready for the Tales of Tsukiüå∏
Our Launch is Officially 5 Days Away!

RT and Like for a Chance of WL",11229,2829,12092,,,,109.0
99,1493390013329022977,2022-02-15 01:01:39+00:00,False,"RT @AmeerHussainn: üö®TSUKI WL GIVEAWAY x5üö®

Steps:

1. Follow @AmeerHussainn &amp; @TsukiNFT 
2. Like &amp; Retweet!ü§ò
3. Tag a friendüî• https://t.co/‚Ä¶",12284,0,0,,,"{'mentions': [{'start': 3, 'end': 17, 'username': 'AmeerHussainn', 'id': '3195799826'}, {'start': 61, 'end': 75, 'username': 'AmeerHussainn', 'id': '3195799826'}, {'start': 82, 'end': 91, 'username': 'TsukiNFT', 'id': '1483056032330960904'}]}",0.0
100,1493315794159259652,2022-02-14 20:06:44+00:00,False,"Happy Valentines Day Tsukiüíì

We love you all! https://t.co/Cgbw351u0d",1317,569,3164,,{'media_keys': ['3_1493315790510170120']},"{'annotations': [{'start': 6, 'end': 25, 'probability': 0.3932, 'type': 'Other', 'normalized_text': 'Valentines Day Tsuki'}], 'urls': [{'start': 46, 'end': 69, 'url': 'https://t.co/Cgbw351u0d', 'expanded_url': 'https://twitter.com/TsukiNFT/status/1493315794159259652/photo/1', 'display_url': 'pic.twitter.com/Cgbw351u0d'}]}",22.0
101,1493124659256168451,2022-02-14 07:27:14+00:00,False,"GN Tsuki Famüå∏

We are Giving 5 WL to 5 Lucky People!

RT and Like
Follow @AsukaNFT &amp; @ArunaNFT ‚õ©",13425,4334,14280,,,"{'mentions': [{'start': 73, 'end': 82, 'username': 'AsukaNFT', 'id': '1468038348648312833'}, {'start': 89, 'end': 98, 'username': 'ArunaNFT', 'id': '1490024645189373958'}]}",113.0
102,1492922022376181760,2022-02-13 18:02:01+00:00,True,"@TsukiNFT x @thebunnybuddies 

We're giving away 10 WHITELIST spots from the Bunny Buddies!

To enter: 
1Ô∏è‚É£ Like and Retweet
2Ô∏è‚É£ Follow @TsukiNFT  + @thebunnybuddies 
3Ô∏è‚É£ Tag 3 friends 

Winners announced in 24 Hours

Good luck!
#NFTGiveaway #NFT https://t.co/9G57b0AtTH",8506,10246,8848,,{'media_keys': ['3_1492922015698857988']},"{'mentions': [{'start': 0, 'end': 9, 'username': 'TsukiNFT', 'id': '1483056032330960904'}, {'start': 12, 'end': 28, 'username': 'thebunnybuddies', 'id': '1486748711883583490'}, {'start': 136, 'end': 145, 'username': 'TsukiNFT', 'id': '1483056032330960904'}, {'start': 149, 'end': 165, 'username': 'thebunnybuddies', 'id': '1486748711883583490'}], 'urls': [{'start': 247, 'end': 270, 'url': 'https://t.co/9G57b0AtTH', 'expanded_url': 'https://twitter.com/TsukiNFT/status/1492922022376181760/photo/1', 'display_url': 'pic.twitter.com/9G57b0AtTH'}], 'hashtags': [{'start': 229, 'end': 241, 'tag': 'NFTGiveaway'}, {'start': 242, 'end': 246, 'tag': 'NFT'}]}",231.0
103,1492654369514430464,2022-02-13 00:18:28+00:00,False,"goodnight tsuki üå∏ we thank you all for everything you have done!

any interaction on this tweet will be considered for WL :)",8396,5586,11213,,,,139.0
104,1492343205416873988,2022-02-12 03:42:01+00:00,False,"goodnight whitelist will be closed february 17th :) but here is sneak peek 6 we hope you all enjoy!

like &amp; rt for whitelist :) 10 spots available! https://t.co/py05yb6lLN",11473,3662,12617,,{'media_keys': ['3_1492343202900332568']},"{'urls': [{'start': 152, 'end': 175, 'url': 'https://t.co/py05yb6lLN', 'expanded_url': 'https://twitter.com/TsukiNFT/status/1492343205416873988/photo/1', 'display_url': 'pic.twitter.com/py05yb6lLN'}]}",151.0
105,1492292693371858945,2022-02-12 00:21:18+00:00,False,"RT @alienfrens: Frens, we're excited to announce that we made some new frens over in @TsukiNFT  and they gave our holders 35 WL spots! More‚Ä¶",839,0,0,,,"{'mentions': [{'start': 3, 'end': 14, 'username': 'alienfrens', 'id': '1453124258624724996'}, {'start': 85, 'end': 94, 'username': 'TsukiNFT', 'id': '1483056032330960904'}]}",0.0
106,1492209491152093184,2022-02-11 18:50:41+00:00,False,"another day another shot at WL :)

like &amp; rt for a chance üå∏",10130,2339,11109,,,,68.0
107,1491813468684656643,2022-02-10 16:37:02+00:00,False,"If you are not in the discord this might come now! But here are our Official Release times!

like &amp; rt for a chance at WL! https://t.co/Nn4SfHtqUd",7529,1814,8512,,{'media_keys': ['3_1491813271732686851']},"{'urls': [{'start': 127, 'end': 150, 'url': 'https://t.co/Nn4SfHtqUd', 'expanded_url': 'https://twitter.com/TsukiNFT/status/1491813468684656643/photo/1', 'display_url': 'pic.twitter.com/Nn4SfHtqUd'}]}",103.0
108,1491618920956112900,2022-02-10 03:43:58+00:00,False,"RT @ArunaNFT: 5 Tuski WL giveaway! ‚õ©

like &amp; rt :)",9558,0,0,,,"{'mentions': [{'start': 3, 'end': 12, 'username': 'ArunaNFT', 'id': '1490024645189373958'}]}",0.0
109,1491566670762151940,2022-02-10 00:16:20+00:00,False,"We are pleased to showcase our Fifth official sneak peek to the community!

Rt and Like for a chance at WLüå∏ https://t.co/JmYQLN8Nhr",8794,2942,10078,,{'media_keys': ['3_1491566667389935617']},"{'annotations': [{'start': 31, 'end': 35, 'probability': 0.5663, 'type': 'Organization', 'normalized_text': 'Fifth'}], 'urls': [{'start': 108, 'end': 131, 'url': 'https://t.co/JmYQLN8Nhr', 'expanded_url': 'https://twitter.com/TsukiNFT/status/1491566670762151940/photo/1', 'display_url': 'pic.twitter.com/JmYQLN8Nhr'}]}",129.0
110,1491463911014649860,2022-02-09 17:28:01+00:00,False,"Tsuki Collab :) üèÆ

@FishmansLabs x @TsukiNFT 
 
Giving away 5 WLs for FishmansLabsüêüand Tsuki NFT üå∏

‚öìÔ∏èRT &amp; Follow both
‚öìÔ∏èTag some frens   

Thank you all so much! Good luck! https://t.co/Bes1lCpriF",8755,10566,9145,,{'media_keys': ['7_1491463666851528713']},"{'mentions': [{'start': 19, 'end': 32, 'username': 'FishmansLabs', 'id': '1481324227035025410'}, {'start': 35, 'end': 44, 'username': 'TsukiNFT', 'id': '1483056032330960904'}], 'urls': [{'start': 178, 'end': 201, 'url': 'https://t.co/Bes1lCpriF', 'expanded_url': 'https://twitter.com/TsukiNFT/status/1491463911014649860/video/1', 'display_url': 'pic.twitter.com/Bes1lCpriF'}]}",126.0
111,1491216529358311427,2022-02-09 01:05:00+00:00,True,"@TsukiNFT x @EtherealartNFT üå∏

We're giving away 15 WHITELIST spots from the Ethereals!

To enter: 
1Ô∏è‚É£ Like and Retweet
2Ô∏è‚É£ Follow @TsukiNFT  + @EtherealartNFT 
3Ô∏è‚É£ Tag 3 friends 

Winners announced in 24 Hours

Good luck!
#NFTGiveaway #NFT https://t.co/4pkioJXEe2",13179,15578,13478,,{'media_keys': ['3_1491216523796664322']},"{'mentions': [{'start': 0, 'end': 9, 'username': 'TsukiNFT', 'id': '1483056032330960904'}, {'start': 12, 'end': 27, 'username': 'EtherealartNFT', 'id': '1449988351365242882'}, {'start': 132, 'end': 141, 'username': 'TsukiNFT', 'id': '1483056032330960904'}, {'start': 145, 'end': 160, 'username': 'EtherealartNFT', 'id': '1449988351365242882'}], 'urls': [{'start': 242, 'end': 265, 'url': 'https://t.co/4pkioJXEe2', 'expanded_url': 'https://twitter.com/TsukiNFT/status/1491216529358311427/photo/1', 'display_url': 'pic.twitter.com/4pkioJXEe2'}], 'hashtags': [{'start': 224, 'end': 236, 'tag': 'NFTGiveaway'}, {'start': 237, 'end': 241, 'tag': 'NFT'}]}",369.0
112,1491078601986686982,2022-02-08 15:56:56+00:00,False,We did it &lt;3 https://t.co/XlQtusduZ6,572,228,1257,,,"{'urls': [{'start': 16, 'end': 39, 'url': 'https://t.co/XlQtusduZ6', 'expanded_url': 'https://twitter.com/web3sg/status/1490969966732255233', 'display_url': 'twitter.com/web3sg/status/‚Ä¶'}]}",13.0
113,1491067328280158208,2022-02-08 15:12:08+00:00,False,"sneak peek 4 :) we hope you all enjoy the sneak peek! Website coming today!

like and rt for WL üå∏ https://t.co/Pw0TVPcelc",9565,2590,11017,,{'media_keys': ['3_1491067312832667649']},"{'urls': [{'start': 98, 'end': 121, 'url': 'https://t.co/Pw0TVPcelc', 'expanded_url': 'https://twitter.com/TsukiNFT/status/1491067328280158208/photo/1', 'display_url': 'pic.twitter.com/Pw0TVPcelc'}]}",131.0
114,1490839284613455880,2022-02-08 00:05:58+00:00,False,"we are giving away 5 WL Spots on this post!
like and rt thats all :) picking winner in 12 hours!",16090,3540,17257,,,,183.0
115,1490832512805146628,2022-02-07 23:39:04+00:00,False,"RT @PGodjira: üéâ WL GIVEAWAY üéâ
@TsukiNFT
3 WL Spots

A project with massive potentialüíõ

Follow @TsukiNFT and @PGodjira
RT and tag 2 mates ht‚Ä¶",9240,0,0,,,"{'mentions': [{'start': 3, 'end': 12, 'username': 'PGodjira', 'id': '1454728913964445704'}, {'start': 30, 'end': 39, 'username': 'TsukiNFT', 'id': '1483056032330960904'}, {'start': 94, 'end': 103, 'username': 'TsukiNFT', 'id': '1483056032330960904'}, {'start': 108, 'end': 117, 'username': 'PGodjira', 'id': '1454728913964445704'}]}",0.0
116,1490761957313499143,2022-02-07 18:58:42+00:00,False,"Our Official Roadmap, Phase 1, 2 and 3 Are apart of Chapter 1 :) Chapter 2 Releases Upon Completion of Chapter 1!

Thank you all so much! And there are also some WL Spots Left to grab! üå∏ https://t.co/ZOWIOk1yLK",1243,483,2164,,{'media_keys': ['3_1490761075129819146']},"{'urls': [{'start': 187, 'end': 210, 'url': 'https://t.co/ZOWIOk1yLK', 'expanded_url': 'https://twitter.com/TsukiNFT/status/1490761957313499143/photo/1', 'display_url': 'pic.twitter.com/ZOWIOk1yLK'}]}",41.0
117,1490641227053776901,2022-02-07 10:58:57+00:00,False,"RT @approvingcorgis: Our friends at @TsukiNFT have given us 10 WL spots to give to our Corgmunity! üêæ

We are giving away 5 of them in our D‚Ä¶",6426,0,0,,,"{'mentions': [{'start': 3, 'end': 19, 'username': 'approvingcorgis', 'id': '1407919059761459202'}, {'start': 36, 'end': 45, 'username': 'TsukiNFT', 'id': '1483056032330960904'}]}",0.0
118,1490389543220088833,2022-02-06 18:18:51+00:00,False,"Our Third Official Sneak Peek! üå∏

Like &amp; RT For WL :) https://t.co/hJRMox8VLy",9902,3047,11379,,{'media_keys': ['3_1490389372843221001']},"{'urls': [{'start': 58, 'end': 81, 'url': 'https://t.co/hJRMox8VLy', 'expanded_url': 'https://twitter.com/TsukiNFT/status/1490389543220088833/photo/1', 'display_url': 'pic.twitter.com/hJRMox8VLy'}]}",128.0
119,1490147994414592000,2022-02-06 02:19:02+00:00,True,"@TsukiNFT x @theothersideNFT üå∏

We're giving away 5 WHITELIST spots for The Other Side !

To enter: 
1Ô∏è‚É£ Like and Retweet
2Ô∏è‚É£ Follow @TsukiNFT  + @theothersideNFT 
3Ô∏è‚É£ Tag 3 friends 

Winners announced in 24 hours (Discord is still locked)

Good luck!
#NFTGiveaway #NFT https://t.co/3GURZmKQje",10328,13862,10867,,{'media_keys': ['7_1490147945118937091']},"{'mentions': [{'start': 0, 'end': 9, 'username': 'TsukiNFT', 'id': '1483056032330960904'}, {'start': 12, 'end': 28, 'username': 'theothersideNFT', 'id': '1479679632836214784'}, {'start': 133, 'end': 142, 'username': 'TsukiNFT', 'id': '1483056032330960904'}, {'start': 146, 'end': 162, 'username': 'theothersideNFT', 'id': '1479679632836214784'}], 'urls': [{'start': 270, 'end': 293, 'url': 'https://t.co/3GURZmKQje', 'expanded_url': 'https://twitter.com/TsukiNFT/status/1490147994414592000/video/1', 'display_url': 'pic.twitter.com/3GURZmKQje'}], 'hashtags': [{'start': 252, 'end': 264, 'tag': 'NFTGiveaway'}, {'start': 265, 'end': 269, 'tag': 'NFT'}]}",183.0
120,1489788921131188227,2022-02-05 02:32:12+00:00,False,"RT @OttoSuwenNFT: üö®üö®üö®NFT GIVEAWAYüö®üö®üö®

I am giving away 5 WL spots for @TsukiNFT courtesy of their team! 

How to enter:
- Follow both the @‚Ä¶",8787,0,0,,,"{'mentions': [{'start': 3, 'end': 16, 'username': 'OttoSuwenNFT', 'id': '1835943590'}, {'start': 70, 'end': 79, 'username': 'TsukiNFT', 'id': '1483056032330960904'}]}",0.0
121,1489763024156209160,2022-02-05 00:49:18+00:00,False,"Tsuki x Tasty Bones üå∏

We are please to announce our future collaboration with Tasty Bones üíÄ

1x Tasty Bones Whitelist!
100x Tasty Bones invites

Steps: Like &amp; Retweet!
follow: @TastyBonesNFT @TsukiNFT 

Good luck! We thank you all so much! https://t.co/4ozI0Yg9CV",10530,2959,11372,,{'media_keys': ['3_1489763020750434308']},"{'mentions': [{'start': 181, 'end': 195, 'username': 'TastyBonesNFT', 'id': '1469294270301360128'}, {'start': 196, 'end': 205, 'username': 'TsukiNFT', 'id': '1483056032330960904'}], 'urls': [{'start': 245, 'end': 268, 'url': 'https://t.co/4ozI0Yg9CV', 'expanded_url': 'https://twitter.com/TsukiNFT/status/1489763024156209160/photo/1', 'display_url': 'pic.twitter.com/4ozI0Yg9CV'}]}",116.0
122,1489425342582382598,2022-02-04 02:27:28+00:00,False,"Our Second Official Sneak peek! üå∏

like, rt, and follow we are giving 5 WL Spots away on this post! https://t.co/G6i4WUniQx",10916,3588,12646,,{'media_keys': ['3_1489424999236653060']},"{'urls': [{'start': 100, 'end': 123, 'url': 'https://t.co/G6i4WUniQx', 'expanded_url': 'https://twitter.com/TsukiNFT/status/1489425342582382598/photo/1', 'display_url': 'pic.twitter.com/G6i4WUniQx'}]}",178.0
123,1489392958042476546,2022-02-04 00:18:47+00:00,True,@alienfrens Hi frens,18,51,160,,,"{'mentions': [{'start': 0, 'end': 11, 'username': 'alienfrens', 'id': '1453124258624724996'}]}",0.0
124,1489084687268171776,2022-02-03 03:53:49+00:00,False,wow ü•∞ https://t.co/8BmCmHI8zF,198,99,728,,,"{'urls': [{'start': 6, 'end': 29, 'url': 'https://t.co/8BmCmHI8zF', 'expanded_url': 'https://twitter.com/AlanBlvck/status/1489084105442705410', 'display_url': 'twitter.com/AlanBlvck/stat‚Ä¶'}]}",3.0
125,1488889608238735367,2022-02-02 14:58:39+00:00,False,"gm :) wen waifu? üå∏

we are giving away 5 free mints :) 

like and rt this post! good luck!",13976,3639,15335,,,,183.0
126,1488714827858124802,2022-02-02 03:24:08+00:00,False,"After our successful First AMA we would like to give away some WL spots!

just RT :)",10683,1922,7218,,,,114.0
127,1488650453059575810,2022-02-01 23:08:20+00:00,True,@OctoProphet these are beautiful thank you &lt;3,1,2,14,,,"{'mentions': [{'start': 0, 'end': 12, 'username': 'OctoProphet', 'id': '1157534421110493184'}]}",0.0
128,1488549270793990149,2022-02-01 16:26:16+00:00,False,"Tsuki family! we thank you all for 50,000 discord members. we are shocked and we thank and love every one of you!

discord AMA Tonight at 8 PM EST üå∏",915,342,2341,,,,27.0
129,1488339572626968582,2022-02-01 02:33:00+00:00,False,"goodnight from tsuki ! we are pleased to show our first official sneak peek to the community! üå∏

since this is a special occasion will be giving some whitelist out on this tweet ! https://t.co/7ZddTPDY0Z",5203,3513,8063,,{'media_keys': ['3_1488339527441825794']},"{'urls': [{'start': 180, 'end': 203, 'url': 'https://t.co/7ZddTPDY0Z', 'expanded_url': 'https://twitter.com/TsukiNFT/status/1488339572626968582/photo/1', 'display_url': 'pic.twitter.com/7ZddTPDY0Z'}]}",228.0
130,1488329671712329728,2022-02-01 01:53:40+00:00,False,"RT @FortuneFriends_: üå∏TSUKI 5X WL GIVEAWAYüå∏

Our Asian friends over at @TsukiNFT have chosen to give 5 WLs to our Bao fam! 

1Ô∏è‚É£RT + ‚ù§Ô∏è
2Ô∏è‚É£‚Ä¶",8643,0,0,,,"{'mentions': [{'start': 3, 'end': 19, 'username': 'FortuneFriends_', 'id': '1462264065644924932'}, {'start': 71, 'end': 80, 'username': 'TsukiNFT', 'id': '1483056032330960904'}]}",0.0
131,1488231547077644290,2022-01-31 19:23:45+00:00,False,"Our official discord vanity link! ‚õ©

we welcome you all with open arms! 

https://t.co/402MrcSEaf 

like and retweet for a chance at WL :)",9660,1693,12026,,,"{'urls': [{'start': 74, 'end': 97, 'url': 'https://t.co/402MrcSEaf', 'expanded_url': 'http://discord.gg/talesoftsuki', 'display_url': 'discord.gg/talesoftsuki', 'images': [{'url': 'https://pbs.twimg.com/news_img/1504619304813178892/JCh5vA3v?format=jpg&name=orig', 'width': 512, 'height': 287}, {'url': 'https://pbs.twimg.com/news_img/1504619304813178892/JCh5vA3v?format=jpg&name=150x150', 'width': 150, 'height': 150}], 'status': 200, 'title': 'Discord - A New Way to Chat with Friends & Communities', 'description': 'Discord is the easiest way to communicate over voice, video, and text. Chat, hang out, and stay close with your friends and communities.', 'unwound_url': 'https://discord.com/invite/talesoftsuki'}]}",367.0
132,1488154128480145412,2022-01-31 14:16:07+00:00,False,"Who wants Whitelist?

Follow, Like, and RT !

We will be giving away 10 WL Spots on this post as we are releasing out first sneak peek tonight! Good luck üåº",15138,4448,16693,,,,161.0
133,1488018783746891777,2022-01-31 05:18:18+00:00,False,goodnight everyone we hit 25k Discord Members in less than 12 hours! Thank you all so much! More information coming tomorrow! (…î‚óî‚Äø‚óî)…î ‚ô•,781,290,2196,,,,13.0
134,1487991476646817792,2022-01-31 03:29:48+00:00,False,"RT @ScavengersNFT: üéâ WL GIVEAWAY üéâ 

5x WL spots for @TsukiNFT. An upcoming project with an amazing artist @vmatbox.

Must:
- Follow @Scave‚Ä¶",4641,0,0,,,"{'mentions': [{'start': 3, 'end': 17, 'username': 'ScavengersNFT', 'id': '1460889064366768128'}, {'start': 53, 'end': 62, 'username': 'TsukiNFT', 'id': '1483056032330960904'}, {'start': 107, 'end': 115, 'username': 'vmatbox', 'id': '87571384'}]}",0.0
135,1487953125092769792,2022-01-31 00:57:24+00:00,False,"RT @CelestialsETH: üéâ@TsukiNFT WL Spot Giveaway x10üéâ

With @vmatbox as the artist, this project is one to keep an eye onüëÄ

To enter:
‚úÖFollow‚Ä¶",4983,0,0,,,"{'mentions': [{'start': 3, 'end': 17, 'username': 'CelestialsETH', 'id': '1457939744025939969'}, {'start': 20, 'end': 29, 'username': 'TsukiNFT', 'id': '1483056032330960904'}, {'start': 58, 'end': 66, 'username': 'vmatbox', 'id': '87571384'}]}",0.0
136,1487932241456119814,2022-01-30 23:34:25+00:00,True,@Drakenx999 @AzukiZen Can we use this? DM Aruna on discord!,0,3,9,,,"{'mentions': [{'start': 0, 'end': 11, 'username': 'Drakenx999', 'id': '1313268730428825602'}, {'start': 12, 'end': 21, 'username': 'AzukiZen', 'id': '1432583226707484676'}], 'annotations': [{'start': 42, 'end': 46, 'probability': 0.6357, 'type': 'Person', 'normalized_text': 'Aruna'}]}",0.0
137,1487928266384154632,2022-01-30 23:18:37+00:00,False,We are looking to collaborate with some projects for WL spots! Who do you all want to see? ‚õ©,780,1554,2331,,,,29.0
138,1487875704792535044,2022-01-30 19:49:46+00:00,False,"Thank you for 10000 Twitter Followers in less than 24 hours!

10 Whitelist are being given away on this post!

like, RT, and turn on notifications! https://t.co/cuXpaLweeD",5745,1764,6600,,{'media_keys': ['3_1487875700753375234']},"{'annotations': [{'start': 20, 'end': 26, 'probability': 0.7706, 'type': 'Product', 'normalized_text': 'Twitter'}], 'urls': [{'start': 148, 'end': 171, 'url': 'https://t.co/cuXpaLweeD', 'expanded_url': 'https://twitter.com/TsukiNFT/status/1487875704792535044/photo/1', 'display_url': 'pic.twitter.com/cuXpaLweeD'}]}",81.0
139,1487792034530398208,2022-01-30 14:17:17+00:00,False,"Who wants Whitelist and OG Spots?

Our Discord will be Opening at 10,000 Followers! Turn on those Notifications!

Follow , Like + RT 

May the odds be with you good luck üå∏",6778,2160,8077,,,,54.0
140,1487781920859639809,2022-01-30 13:37:06+00:00,True,@1vyzia Wow Your Name would look amazing with WL! Please DM us so we can send more information.,4,8,36,,,"{'mentions': [{'start': 0, 'end': 7, 'username': '1vyzia', 'id': '1141812370517483521'}]}",0.0
141,1487779590605053954,2022-01-30 13:27:50+00:00,True,@KabIink Saw what? ;),2,12,26,,,"{'mentions': [{'start': 0, 'end': 8, 'username': 'KabIink', 'id': '1453790189588041729'}]}",0.0
142,1487771864789401604,2022-01-30 12:57:08+00:00,True,@xenthressa Your wish has been granted :) Please DM !,4,3,28,,,"{'mentions': [{'start': 0, 'end': 11, 'username': 'xenthressa', 'id': '317170808'}]}",0.0
143,1487771600455966721,2022-01-30 12:56:05+00:00,True,@gamypto @agyrrhius You figured us out‚Ä¶,3,9,26,,,"{'mentions': [{'start': 0, 'end': 8, 'username': 'gamypto', 'id': '1478597686983024641'}, {'start': 9, 'end': 19, 'username': 'agyrrhius', 'id': '1051855583748476930'}]}",0.0
144,1487639395255554050,2022-01-30 04:10:45+00:00,True,@agyrrhius Yes :),5,11,37,,,"{'mentions': [{'start': 0, 'end': 10, 'username': 'agyrrhius', 'id': '1051855583748476930'}]}",0.0
145,1487606533693263874,2022-01-30 02:00:10+00:00,False,"Welcome to the lands Of Tsuki, where imagination is reality. üéã

Any interactions on this tweet will be considered for Whitelist and OG Spots !

#nft #NFTdrop #tsuki #NFTdrop #NFTCommunity 
#nftart #anime https://t.co/cbMiqVLJw2",7331,5269,10480,,{'media_keys': ['3_1487606527783583747']},"{'annotations': [{'start': 119, 'end': 127, 'probability': 0.4137, 'type': 'Product', 'normalized_text': 'Whitelist'}], 'urls': [{'start': 204, 'end': 227, 'url': 'https://t.co/cbMiqVLJw2', 'expanded_url': 'https://twitter.com/TsukiNFT/status/1487606533693263874/photo/1', 'display_url': 'pic.twitter.com/cbMiqVLJw2'}], 'hashtags': [{'start': 144, 'end': 148, 'tag': 'nft'}, {'start': 149, 'end': 157, 'tag': 'NFTdrop'}, {'start': 158, 'end': 164, 'tag': 'tsuki'}, {'start': 165, 'end': 173, 'tag': 'NFTdrop'}, {'start': 174, 'end': 187, 'tag': 'NFTCommunity'}, {'start': 189, 'end': 196, 'tag': 'nftart'}, {'start': 197, 'end': 203, 'tag': 'anime'}]}",165.0
