,Unnamed: 0,nft_name,influencer_name,is_influencer_following
0,0,0xALINFT,BentoBoiNFT,False
1,1,0xALINFT,TheShamdoo,True
2,2,0xALINFT,dingalingts,False
3,3,0xALINFT,champtgram,False
4,4,0xALINFT,CryptoGorillaYT,True
5,5,0xALINFT,nftpasta,True
6,6,0xALINFT,MattCobuzio,False
7,7,0xALINFT,mulligan,False
8,8,0xALINFT,Crypt0Emma,False
9,9,0xALINFT,SkiddilyNFT,True
10,10,0xALINFT,NFTverse_,False
11,11,0xALINFT,NickyGee44,False
12,12,0xALINFT,allnick,False
13,13,0xALINFT,Cameron_singh17,True
14,14,0xALINFT,maxnaut,True
15,15,0xALINFT,LilMoonLambo,False
16,16,0xALINFT,SajadNFT,False
17,17,0xALINFT,ashrobinqt,False
18,18,0xALINFT,Dario_Desiena,False
19,19,0xALINFT,SneakyninjaNFTs,False
20,20,0xALINFT,KosherPlug,True
21,21,0xALINFT,thebrettway,False
22,22,0xALINFT,OttoSuwenNFT,False
23,23,0xALINFT,OttoSuwenNFT,False
24,24,0xALINFT,itstylersays,False
25,25,0xALINFT,hypnotizedApe,False
26,26,0xALINFT,NFTLlama,False
27,27,0xALINFT,JRNYcrypto,False
28,28,0xALINFT,ZssBecker,False
29,29,0xALINFT,SpencerCUH,False
30,30,0xALINFT,Archemist23NFT,False
31,31,0xALINFT,BattleguruNFT,False
32,32,0xALINFT,cbassg16,False
33,33,0xALINFT,Zeneca_33,False
34,34,0xALINFT,squidNFT,False
35,35,0xALINFT,elliotrades,False
36,36,0xALINFT,PopeyesNFTs,False
37,37,0xALINFT,JamesCiesluk,True
38,38,0xALINFT,AmeerHussainn,False
39,39,0xALINFT,KevinSusanto,False
40,40,0xALINFT,DonteCrypto,True
41,41,0xALINFT,JuJulikesnfts,True
42,42,0xALINFT,Chewtoro,True
43,43,0xALINFT,DCLBlogger,False
44,44,0xALINFT,tropoFarmer,False
45,45,0xALINFT,sxtvik,False
46,46,0xALINFT,andr3w,True
47,47,0xALINFT,DeezeFi,False
48,48,0xALINFT,fvckrender,False
49,49,0xALINFT,garyvee,False
50,50,0xALINFT,Luke360,False
51,51,0xALINFT,iamDCinvestor,False
52,0,3landersNFT,BentoBoiNFT,False
53,1,3landersNFT,TheShamdoo,True
54,2,3landersNFT,dingalingts,True
55,3,3landersNFT,champtgram,False
56,4,3landersNFT,CryptoGorillaYT,True
57,5,3landersNFT,nftpasta,True
58,6,3landersNFT,MattCobuzio,False
59,7,3landersNFT,mulligan,False
60,8,3landersNFT,Crypt0Emma,False
61,9,3landersNFT,SkiddilyNFT,True
62,10,3landersNFT,NFTverse_,True
63,11,3landersNFT,NickyGee44,False
64,12,3landersNFT,allnick,True
65,13,3landersNFT,Cameron_singh17,True
66,14,3landersNFT,maxnaut,True
67,15,3landersNFT,LilMoonLambo,False
68,16,3landersNFT,SajadNFT,False
69,17,3landersNFT,ashrobinqt,True
70,18,3landersNFT,Dario_Desiena,False
71,19,3landersNFT,SneakyninjaNFTs,False
72,20,3landersNFT,KosherPlug,True
73,21,3landersNFT,thebrettway,False
74,22,3landersNFT,OttoSuwenNFT,True
75,23,3landersNFT,OttoSuwenNFT,True
76,24,3landersNFT,itstylersays,False
77,25,3landersNFT,hypnotizedApe,False
78,26,3landersNFT,NFTLlama,True
79,27,3landersNFT,JRNYcrypto,False
80,28,3landersNFT,ZssBecker,False
81,29,3landersNFT,SpencerCUH,False
82,30,3landersNFT,Archemist23NFT,True
83,31,3landersNFT,BattleguruNFT,False
84,32,3landersNFT,cbassg16,False
85,33,3landersNFT,Zeneca_33,False
86,34,3landersNFT,squidNFT,False
87,35,3landersNFT,elliotrades,False
88,36,3landersNFT,PopeyesNFTs,True
89,37,3landersNFT,JamesCiesluk,True
90,38,3landersNFT,AmeerHussainn,False
91,39,3landersNFT,KevinSusanto,False
92,40,3landersNFT,DonteCrypto,True
93,41,3landersNFT,JuJulikesnfts,False
94,42,3landersNFT,Chewtoro,False
95,43,3landersNFT,DCLBlogger,False
96,44,3landersNFT,tropoFarmer,False
97,45,3landersNFT,sxtvik,False
98,46,3landersNFT,andr3w,False
99,47,3landersNFT,DeezeFi,True
100,48,3landersNFT,fvckrender,False
101,49,3landersNFT,garyvee,False
102,50,3landersNFT,Luke360,False
103,51,3landersNFT,iamDCinvestor,False
104,0,Alleykatznft,BentoBoiNFT,False
105,1,Alleykatznft,TheShamdoo,False
106,2,Alleykatznft,dingalingts,False
107,3,Alleykatznft,champtgram,False
108,4,Alleykatznft,CryptoGorillaYT,False
109,5,Alleykatznft,nftpasta,False
110,6,Alleykatznft,MattCobuzio,False
111,7,Alleykatznft,mulligan,False
112,8,Alleykatznft,Crypt0Emma,False
113,9,Alleykatznft,SkiddilyNFT,False
114,10,Alleykatznft,NFTverse_,False
115,11,Alleykatznft,NickyGee44,False
116,12,Alleykatznft,allnick,False
117,13,Alleykatznft,Cameron_singh17,True
118,14,Alleykatznft,maxnaut,False
119,15,Alleykatznft,LilMoonLambo,False
120,16,Alleykatznft,SajadNFT,False
121,17,Alleykatznft,ashrobinqt,False
122,18,Alleykatznft,Dario_Desiena,False
123,19,Alleykatznft,SneakyninjaNFTs,False
124,20,Alleykatznft,KosherPlug,False
125,21,Alleykatznft,thebrettway,False
126,22,Alleykatznft,OttoSuwenNFT,False
127,23,Alleykatznft,OttoSuwenNFT,False
128,24,Alleykatznft,itstylersays,False
129,25,Alleykatznft,hypnotizedApe,False
130,26,Alleykatznft,NFTLlama,False
131,27,Alleykatznft,JRNYcrypto,False
132,28,Alleykatznft,ZssBecker,False
133,29,Alleykatznft,SpencerCUH,False
134,30,Alleykatznft,Archemist23NFT,False
135,31,Alleykatznft,BattleguruNFT,False
136,32,Alleykatznft,cbassg16,False
137,33,Alleykatznft,Zeneca_33,False
138,34,Alleykatznft,squidNFT,False
139,35,Alleykatznft,elliotrades,False
140,36,Alleykatznft,PopeyesNFTs,False
141,37,Alleykatznft,JamesCiesluk,False
142,38,Alleykatznft,AmeerHussainn,False
143,39,Alleykatznft,KevinSusanto,False
144,40,Alleykatznft,DonteCrypto,False
145,41,Alleykatznft,JuJulikesnfts,False
146,42,Alleykatznft,Chewtoro,False
147,43,Alleykatznft,DCLBlogger,False
148,44,Alleykatznft,tropoFarmer,False
149,45,Alleykatznft,sxtvik,False
150,46,Alleykatznft,andr3w,False
151,47,Alleykatznft,DeezeFi,False
152,48,Alleykatznft,fvckrender,False
153,49,Alleykatznft,garyvee,False
154,50,Alleykatznft,Luke360,False
155,51,Alleykatznft,iamDCinvestor,False
156,0,AntonymNFT,BentoBoiNFT,True
157,1,AntonymNFT,TheShamdoo,True
158,2,AntonymNFT,dingalingts,False
159,3,AntonymNFT,champtgram,True
160,4,AntonymNFT,CryptoGorillaYT,True
161,5,AntonymNFT,nftpasta,True
162,6,AntonymNFT,MattCobuzio,True
163,7,AntonymNFT,mulligan,False
164,8,AntonymNFT,Crypt0Emma,True
165,9,AntonymNFT,SkiddilyNFT,True
166,10,AntonymNFT,NFTverse_,False
167,11,AntonymNFT,NickyGee44,False
168,12,AntonymNFT,allnick,False
169,13,AntonymNFT,Cameron_singh17,True
170,14,AntonymNFT,maxnaut,True
171,15,AntonymNFT,LilMoonLambo,False
172,16,AntonymNFT,SajadNFT,False
173,17,AntonymNFT,ashrobinqt,False
174,18,AntonymNFT,Dario_Desiena,False
175,19,AntonymNFT,SneakyninjaNFTs,False
176,20,AntonymNFT,KosherPlug,True
177,21,AntonymNFT,thebrettway,True
178,22,AntonymNFT,OttoSuwenNFT,True
179,23,AntonymNFT,OttoSuwenNFT,True
180,24,AntonymNFT,itstylersays,False
181,25,AntonymNFT,hypnotizedApe,False
182,26,AntonymNFT,NFTLlama,True
183,27,AntonymNFT,JRNYcrypto,False
184,28,AntonymNFT,ZssBecker,False
185,29,AntonymNFT,SpencerCUH,False
186,30,AntonymNFT,Archemist23NFT,True
187,31,AntonymNFT,BattleguruNFT,True
188,32,AntonymNFT,cbassg16,False
189,33,AntonymNFT,Zeneca_33,False
190,34,AntonymNFT,squidNFT,False
191,35,AntonymNFT,elliotrades,False
192,36,AntonymNFT,PopeyesNFTs,True
193,37,AntonymNFT,JamesCiesluk,True
194,38,AntonymNFT,AmeerHussainn,False
195,39,AntonymNFT,KevinSusanto,False
196,40,AntonymNFT,DonteCrypto,True
197,41,AntonymNFT,JuJulikesnfts,True
198,42,AntonymNFT,Chewtoro,True
199,43,AntonymNFT,DCLBlogger,False
200,44,AntonymNFT,tropoFarmer,False
201,45,AntonymNFT,sxtvik,False
202,46,AntonymNFT,andr3w,False
203,47,AntonymNFT,DeezeFi,True
204,48,AntonymNFT,fvckrender,True
205,49,AntonymNFT,garyvee,False
206,50,AntonymNFT,Luke360,False
207,51,AntonymNFT,iamDCinvestor,False
208,0,BoozeBears,BentoBoiNFT,False
209,1,BoozeBears,TheShamdoo,False
210,2,BoozeBears,dingalingts,False
211,3,BoozeBears,champtgram,False
212,4,BoozeBears,CryptoGorillaYT,False
213,5,BoozeBears,nftpasta,False
214,6,BoozeBears,MattCobuzio,False
215,7,BoozeBears,mulligan,False
216,8,BoozeBears,Crypt0Emma,False
217,9,BoozeBears,SkiddilyNFT,False
218,10,BoozeBears,NFTverse_,False
219,11,BoozeBears,NickyGee44,False
220,12,BoozeBears,allnick,False
221,13,BoozeBears,Cameron_singh17,False
222,14,BoozeBears,maxnaut,False
223,15,BoozeBears,LilMoonLambo,False
224,16,BoozeBears,SajadNFT,False
225,17,BoozeBears,ashrobinqt,False
226,18,BoozeBears,Dario_Desiena,False
227,19,BoozeBears,SneakyninjaNFTs,False
228,20,BoozeBears,KosherPlug,False
229,21,BoozeBears,thebrettway,False
230,22,BoozeBears,OttoSuwenNFT,False
231,23,BoozeBears,OttoSuwenNFT,False
232,24,BoozeBears,itstylersays,False
233,25,BoozeBears,hypnotizedApe,False
234,26,BoozeBears,NFTLlama,False
235,27,BoozeBears,JRNYcrypto,False
236,28,BoozeBears,ZssBecker,False
237,29,BoozeBears,SpencerCUH,False
238,30,BoozeBears,Archemist23NFT,False
239,31,BoozeBears,BattleguruNFT,False
240,32,BoozeBears,cbassg16,False
241,33,BoozeBears,Zeneca_33,False
242,34,BoozeBears,squidNFT,False
243,35,BoozeBears,elliotrades,False
244,36,BoozeBears,PopeyesNFTs,False
245,37,BoozeBears,JamesCiesluk,False
246,38,BoozeBears,AmeerHussainn,False
247,39,BoozeBears,KevinSusanto,False
248,40,BoozeBears,DonteCrypto,False
249,41,BoozeBears,JuJulikesnfts,False
250,42,BoozeBears,Chewtoro,False
251,43,BoozeBears,DCLBlogger,False
252,44,BoozeBears,tropoFarmer,False
253,45,BoozeBears,sxtvik,False
254,46,BoozeBears,andr3w,False
255,47,BoozeBears,DeezeFi,False
256,48,BoozeBears,fvckrender,False
257,49,BoozeBears,garyvee,False
258,50,BoozeBears,Luke360,False
259,51,BoozeBears,iamDCinvestor,False
260,0,CandyHuntersNFT,BentoBoiNFT,False
261,1,CandyHuntersNFT,TheShamdoo,False
262,2,CandyHuntersNFT,dingalingts,False
263,3,CandyHuntersNFT,champtgram,False
264,4,CandyHuntersNFT,CryptoGorillaYT,False
265,5,CandyHuntersNFT,nftpasta,False
266,6,CandyHuntersNFT,MattCobuzio,False
267,7,CandyHuntersNFT,mulligan,False
268,8,CandyHuntersNFT,Crypt0Emma,False
269,9,CandyHuntersNFT,SkiddilyNFT,False
270,10,CandyHuntersNFT,NFTverse_,False
271,11,CandyHuntersNFT,NickyGee44,False
272,12,CandyHuntersNFT,allnick,False
273,13,CandyHuntersNFT,Cameron_singh17,False
274,14,CandyHuntersNFT,maxnaut,True
275,15,CandyHuntersNFT,LilMoonLambo,False
276,16,CandyHuntersNFT,SajadNFT,False
277,17,CandyHuntersNFT,ashrobinqt,False
278,18,CandyHuntersNFT,Dario_Desiena,False
279,19,CandyHuntersNFT,SneakyninjaNFTs,False
280,20,CandyHuntersNFT,KosherPlug,False
281,21,CandyHuntersNFT,thebrettway,False
282,22,CandyHuntersNFT,OttoSuwenNFT,False
283,23,CandyHuntersNFT,OttoSuwenNFT,False
284,24,CandyHuntersNFT,itstylersays,False
285,25,CandyHuntersNFT,hypnotizedApe,False
286,26,CandyHuntersNFT,NFTLlama,False
287,27,CandyHuntersNFT,JRNYcrypto,False
288,28,CandyHuntersNFT,ZssBecker,False
289,29,CandyHuntersNFT,SpencerCUH,False
290,30,CandyHuntersNFT,Archemist23NFT,False
291,31,CandyHuntersNFT,BattleguruNFT,False
292,32,CandyHuntersNFT,cbassg16,False
293,33,CandyHuntersNFT,Zeneca_33,False
294,34,CandyHuntersNFT,squidNFT,False
295,35,CandyHuntersNFT,elliotrades,False
296,36,CandyHuntersNFT,PopeyesNFTs,False
297,37,CandyHuntersNFT,JamesCiesluk,True
298,38,CandyHuntersNFT,AmeerHussainn,False
299,39,CandyHuntersNFT,KevinSusanto,False
300,40,CandyHuntersNFT,DonteCrypto,False
301,41,CandyHuntersNFT,JuJulikesnfts,False
302,42,CandyHuntersNFT,Chewtoro,False
303,43,CandyHuntersNFT,DCLBlogger,False
304,44,CandyHuntersNFT,tropoFarmer,False
305,45,CandyHuntersNFT,sxtvik,False
306,46,CandyHuntersNFT,andr3w,False
307,47,CandyHuntersNFT,DeezeFi,False
308,48,CandyHuntersNFT,fvckrender,False
309,49,CandyHuntersNFT,garyvee,False
310,50,CandyHuntersNFT,Luke360,False
311,51,CandyHuntersNFT,iamDCinvestor,False
312,0,cartoonsnft,BentoBoiNFT,True
313,1,cartoonsnft,TheShamdoo,True
314,2,cartoonsnft,dingalingts,False
315,3,cartoonsnft,champtgram,False
316,4,cartoonsnft,CryptoGorillaYT,False
317,5,cartoonsnft,nftpasta,True
318,6,cartoonsnft,MattCobuzio,True
319,7,cartoonsnft,mulligan,False
320,8,cartoonsnft,Crypt0Emma,False
321,9,cartoonsnft,SkiddilyNFT,True
322,10,cartoonsnft,NFTverse_,False
323,11,cartoonsnft,NickyGee44,True
324,12,cartoonsnft,allnick,False
325,13,cartoonsnft,Cameron_singh17,False
326,14,cartoonsnft,maxnaut,True
327,15,cartoonsnft,LilMoonLambo,False
328,16,cartoonsnft,SajadNFT,False
329,17,cartoonsnft,ashrobinqt,False
330,18,cartoonsnft,Dario_Desiena,False
331,19,cartoonsnft,SneakyninjaNFTs,False
332,20,cartoonsnft,KosherPlug,True
333,21,cartoonsnft,thebrettway,False
334,22,cartoonsnft,OttoSuwenNFT,False
335,23,cartoonsnft,OttoSuwenNFT,False
336,24,cartoonsnft,itstylersays,False
337,25,cartoonsnft,hypnotizedApe,False
338,26,cartoonsnft,NFTLlama,False
339,27,cartoonsnft,JRNYcrypto,False
340,28,cartoonsnft,ZssBecker,False
341,29,cartoonsnft,SpencerCUH,False
342,30,cartoonsnft,Archemist23NFT,False
343,31,cartoonsnft,BattleguruNFT,False
344,32,cartoonsnft,cbassg16,False
345,33,cartoonsnft,Zeneca_33,False
346,34,cartoonsnft,squidNFT,False
347,35,cartoonsnft,elliotrades,False
348,36,cartoonsnft,PopeyesNFTs,False
349,37,cartoonsnft,JamesCiesluk,True
350,38,cartoonsnft,AmeerHussainn,False
351,39,cartoonsnft,KevinSusanto,False
352,40,cartoonsnft,DonteCrypto,False
353,41,cartoonsnft,JuJulikesnfts,True
354,42,cartoonsnft,Chewtoro,False
355,43,cartoonsnft,DCLBlogger,False
356,44,cartoonsnft,tropoFarmer,False
357,45,cartoonsnft,sxtvik,False
358,46,cartoonsnft,andr3w,True
359,47,cartoonsnft,DeezeFi,False
360,48,cartoonsnft,fvckrender,False
361,49,cartoonsnft,garyvee,False
362,50,cartoonsnft,Luke360,False
363,51,cartoonsnft,iamDCinvestor,False
364,0,CatBloxStudios,BentoBoiNFT,False
365,1,CatBloxStudios,TheShamdoo,False
366,2,CatBloxStudios,dingalingts,False
367,3,CatBloxStudios,champtgram,True
368,4,CatBloxStudios,CryptoGorillaYT,False
369,5,CatBloxStudios,nftpasta,True
370,6,CatBloxStudios,MattCobuzio,True
371,7,CatBloxStudios,mulligan,False
372,8,CatBloxStudios,Crypt0Emma,False
373,9,CatBloxStudios,SkiddilyNFT,True
374,10,CatBloxStudios,NFTverse_,False
375,11,CatBloxStudios,NickyGee44,False
376,12,CatBloxStudios,allnick,False
377,13,CatBloxStudios,Cameron_singh17,False
378,14,CatBloxStudios,maxnaut,False
379,15,CatBloxStudios,LilMoonLambo,False
380,16,CatBloxStudios,SajadNFT,False
381,17,CatBloxStudios,ashrobinqt,False
382,18,CatBloxStudios,Dario_Desiena,False
383,19,CatBloxStudios,SneakyninjaNFTs,False
384,20,CatBloxStudios,KosherPlug,False
385,21,CatBloxStudios,thebrettway,False
386,22,CatBloxStudios,OttoSuwenNFT,False
387,23,CatBloxStudios,OttoSuwenNFT,False
388,24,CatBloxStudios,itstylersays,False
389,25,CatBloxStudios,hypnotizedApe,False
390,26,CatBloxStudios,NFTLlama,True
391,27,CatBloxStudios,JRNYcrypto,False
392,28,CatBloxStudios,ZssBecker,False
393,29,CatBloxStudios,SpencerCUH,False
394,30,CatBloxStudios,Archemist23NFT,True
395,31,CatBloxStudios,BattleguruNFT,False
396,32,CatBloxStudios,cbassg16,False
397,33,CatBloxStudios,Zeneca_33,False
398,34,CatBloxStudios,squidNFT,False
399,35,CatBloxStudios,elliotrades,False
400,36,CatBloxStudios,PopeyesNFTs,False
401,37,CatBloxStudios,JamesCiesluk,True
402,38,CatBloxStudios,AmeerHussainn,False
403,39,CatBloxStudios,KevinSusanto,False
404,40,CatBloxStudios,DonteCrypto,False
405,41,CatBloxStudios,JuJulikesnfts,True
406,42,CatBloxStudios,Chewtoro,True
407,43,CatBloxStudios,DCLBlogger,False
408,44,CatBloxStudios,tropoFarmer,False
409,45,CatBloxStudios,sxtvik,False
410,46,CatBloxStudios,andr3w,False
411,47,CatBloxStudios,DeezeFi,False
412,48,CatBloxStudios,fvckrender,False
413,49,CatBloxStudios,garyvee,False
414,50,CatBloxStudios,Luke360,False
415,51,CatBloxStudios,iamDCinvestor,False
416,0,ClayFriendsNFT,BentoBoiNFT,True
417,1,ClayFriendsNFT,TheShamdoo,False
418,2,ClayFriendsNFT,dingalingts,False
419,3,ClayFriendsNFT,champtgram,False
420,4,ClayFriendsNFT,CryptoGorillaYT,False
421,5,ClayFriendsNFT,nftpasta,True
422,6,ClayFriendsNFT,MattCobuzio,True
423,7,ClayFriendsNFT,mulligan,False
424,8,ClayFriendsNFT,Crypt0Emma,True
425,9,ClayFriendsNFT,SkiddilyNFT,True
426,10,ClayFriendsNFT,NFTverse_,True
427,11,ClayFriendsNFT,NickyGee44,False
428,12,ClayFriendsNFT,allnick,False
429,13,ClayFriendsNFT,Cameron_singh17,False
430,14,ClayFriendsNFT,maxnaut,True
431,15,ClayFriendsNFT,LilMoonLambo,False
432,16,ClayFriendsNFT,SajadNFT,False
433,17,ClayFriendsNFT,ashrobinqt,False
434,18,ClayFriendsNFT,Dario_Desiena,False
435,19,ClayFriendsNFT,SneakyninjaNFTs,False
436,20,ClayFriendsNFT,KosherPlug,False
437,21,ClayFriendsNFT,thebrettway,False
438,22,ClayFriendsNFT,OttoSuwenNFT,False
439,23,ClayFriendsNFT,OttoSuwenNFT,False
440,24,ClayFriendsNFT,itstylersays,False
441,25,ClayFriendsNFT,hypnotizedApe,False
442,26,ClayFriendsNFT,NFTLlama,False
443,27,ClayFriendsNFT,JRNYcrypto,False
444,28,ClayFriendsNFT,ZssBecker,False
445,29,ClayFriendsNFT,SpencerCUH,False
446,30,ClayFriendsNFT,Archemist23NFT,True
447,31,ClayFriendsNFT,BattleguruNFT,False
448,32,ClayFriendsNFT,cbassg16,False
449,33,ClayFriendsNFT,Zeneca_33,False
450,34,ClayFriendsNFT,squidNFT,False
451,35,ClayFriendsNFT,elliotrades,False
452,36,ClayFriendsNFT,PopeyesNFTs,False
453,37,ClayFriendsNFT,JamesCiesluk,False
454,38,ClayFriendsNFT,AmeerHussainn,False
455,39,ClayFriendsNFT,KevinSusanto,False
456,40,ClayFriendsNFT,DonteCrypto,False
457,41,ClayFriendsNFT,JuJulikesnfts,False
458,42,ClayFriendsNFT,Chewtoro,False
459,43,ClayFriendsNFT,DCLBlogger,False
460,44,ClayFriendsNFT,tropoFarmer,False
461,45,ClayFriendsNFT,sxtvik,False
462,46,ClayFriendsNFT,andr3w,False
463,47,ClayFriendsNFT,DeezeFi,False
464,48,ClayFriendsNFT,fvckrender,False
465,49,ClayFriendsNFT,garyvee,False
466,50,ClayFriendsNFT,Luke360,False
467,51,ClayFriendsNFT,iamDCinvestor,False
468,0,CosmiqsNFT,BentoBoiNFT,False
469,1,CosmiqsNFT,TheShamdoo,True
470,2,CosmiqsNFT,dingalingts,False
471,3,CosmiqsNFT,champtgram,False
472,4,CosmiqsNFT,CryptoGorillaYT,False
473,5,CosmiqsNFT,nftpasta,True
474,6,CosmiqsNFT,MattCobuzio,False
475,7,CosmiqsNFT,mulligan,False
476,8,CosmiqsNFT,Crypt0Emma,True
477,9,CosmiqsNFT,SkiddilyNFT,True
478,10,CosmiqsNFT,NFTverse_,False
479,11,CosmiqsNFT,NickyGee44,False
480,12,CosmiqsNFT,allnick,False
481,13,CosmiqsNFT,Cameron_singh17,False
482,14,CosmiqsNFT,maxnaut,True
483,15,CosmiqsNFT,LilMoonLambo,False
484,16,CosmiqsNFT,SajadNFT,False
485,17,CosmiqsNFT,ashrobinqt,False
486,18,CosmiqsNFT,Dario_Desiena,False
487,19,CosmiqsNFT,SneakyninjaNFTs,False
488,20,CosmiqsNFT,KosherPlug,True
489,21,CosmiqsNFT,thebrettway,False
490,22,CosmiqsNFT,OttoSuwenNFT,False
491,23,CosmiqsNFT,OttoSuwenNFT,False
492,24,CosmiqsNFT,itstylersays,False
493,25,CosmiqsNFT,hypnotizedApe,False
494,26,CosmiqsNFT,NFTLlama,False
495,27,CosmiqsNFT,JRNYcrypto,False
496,28,CosmiqsNFT,ZssBecker,False
497,29,CosmiqsNFT,SpencerCUH,False
498,30,CosmiqsNFT,Archemist23NFT,True
499,31,CosmiqsNFT,BattleguruNFT,False
500,32,CosmiqsNFT,cbassg16,True
501,33,CosmiqsNFT,Zeneca_33,False
502,34,CosmiqsNFT,squidNFT,False
503,35,CosmiqsNFT,elliotrades,False
504,36,CosmiqsNFT,PopeyesNFTs,True
505,37,CosmiqsNFT,JamesCiesluk,True
506,38,CosmiqsNFT,AmeerHussainn,False
507,39,CosmiqsNFT,KevinSusanto,False
508,40,CosmiqsNFT,DonteCrypto,False
509,41,CosmiqsNFT,JuJulikesnfts,False
510,42,CosmiqsNFT,Chewtoro,True
511,43,CosmiqsNFT,DCLBlogger,False
512,44,CosmiqsNFT,tropoFarmer,False
513,45,CosmiqsNFT,sxtvik,False
514,46,CosmiqsNFT,andr3w,False
515,47,CosmiqsNFT,DeezeFi,False
516,48,CosmiqsNFT,fvckrender,False
517,49,CosmiqsNFT,garyvee,False
518,50,CosmiqsNFT,Luke360,False
519,51,CosmiqsNFT,iamDCinvestor,False
520,0,DentedFeelsNFT,BentoBoiNFT,False
521,1,DentedFeelsNFT,TheShamdoo,True
522,2,DentedFeelsNFT,dingalingts,False
523,3,DentedFeelsNFT,champtgram,True
524,4,DentedFeelsNFT,CryptoGorillaYT,False
525,5,DentedFeelsNFT,nftpasta,True
526,6,DentedFeelsNFT,MattCobuzio,False
527,7,DentedFeelsNFT,mulligan,False
528,8,DentedFeelsNFT,Crypt0Emma,False
529,9,DentedFeelsNFT,SkiddilyNFT,True
530,10,DentedFeelsNFT,NFTverse_,False
531,11,DentedFeelsNFT,NickyGee44,False
532,12,DentedFeelsNFT,allnick,True
533,13,DentedFeelsNFT,Cameron_singh17,True
534,14,DentedFeelsNFT,maxnaut,False
535,15,DentedFeelsNFT,LilMoonLambo,False
536,16,DentedFeelsNFT,SajadNFT,False
537,17,DentedFeelsNFT,ashrobinqt,False
538,18,DentedFeelsNFT,Dario_Desiena,False
539,19,DentedFeelsNFT,SneakyninjaNFTs,False
540,20,DentedFeelsNFT,KosherPlug,False
541,21,DentedFeelsNFT,thebrettway,False
542,22,DentedFeelsNFT,OttoSuwenNFT,False
543,23,DentedFeelsNFT,OttoSuwenNFT,False
544,24,DentedFeelsNFT,itstylersays,False
545,25,DentedFeelsNFT,hypnotizedApe,False
546,26,DentedFeelsNFT,NFTLlama,True
547,27,DentedFeelsNFT,JRNYcrypto,False
548,28,DentedFeelsNFT,ZssBecker,False
549,29,DentedFeelsNFT,SpencerCUH,False
550,30,DentedFeelsNFT,Archemist23NFT,False
551,31,DentedFeelsNFT,BattleguruNFT,False
552,32,DentedFeelsNFT,cbassg16,False
553,33,DentedFeelsNFT,Zeneca_33,True
554,34,DentedFeelsNFT,squidNFT,False
555,35,DentedFeelsNFT,elliotrades,False
556,36,DentedFeelsNFT,PopeyesNFTs,False
557,37,DentedFeelsNFT,JamesCiesluk,True
558,38,DentedFeelsNFT,AmeerHussainn,False
559,39,DentedFeelsNFT,KevinSusanto,False
560,40,DentedFeelsNFT,DonteCrypto,False
561,41,DentedFeelsNFT,JuJulikesnfts,False
562,42,DentedFeelsNFT,Chewtoro,True
563,43,DentedFeelsNFT,DCLBlogger,False
564,44,DentedFeelsNFT,tropoFarmer,True
565,45,DentedFeelsNFT,sxtvik,False
566,46,DentedFeelsNFT,andr3w,False
567,47,DentedFeelsNFT,DeezeFi,True
568,48,DentedFeelsNFT,fvckrender,False
569,49,DentedFeelsNFT,garyvee,False
570,50,DentedFeelsNFT,Luke360,False
571,51,DentedFeelsNFT,iamDCinvestor,False
572,0,DippiesNFT,BentoBoiNFT,False
573,1,DippiesNFT,TheShamdoo,True
574,2,DippiesNFT,dingalingts,False
575,3,DippiesNFT,champtgram,True
576,4,DippiesNFT,CryptoGorillaYT,True
577,5,DippiesNFT,nftpasta,True
578,6,DippiesNFT,MattCobuzio,False
579,7,DippiesNFT,mulligan,False
580,8,DippiesNFT,Crypt0Emma,True
581,9,DippiesNFT,SkiddilyNFT,True
582,10,DippiesNFT,NFTverse_,False
583,11,DippiesNFT,NickyGee44,True
584,12,DippiesNFT,allnick,False
585,13,DippiesNFT,Cameron_singh17,True
586,14,DippiesNFT,maxnaut,False
587,15,DippiesNFT,LilMoonLambo,False
588,16,DippiesNFT,SajadNFT,False
589,17,DippiesNFT,ashrobinqt,False
590,18,DippiesNFT,Dario_Desiena,False
591,19,DippiesNFT,SneakyninjaNFTs,False
592,20,DippiesNFT,KosherPlug,True
593,21,DippiesNFT,thebrettway,True
594,22,DippiesNFT,OttoSuwenNFT,False
595,23,DippiesNFT,OttoSuwenNFT,False
596,24,DippiesNFT,itstylersays,False
597,25,DippiesNFT,hypnotizedApe,False
598,26,DippiesNFT,NFTLlama,False
599,27,DippiesNFT,JRNYcrypto,False
600,28,DippiesNFT,ZssBecker,False
601,29,DippiesNFT,SpencerCUH,False
602,30,DippiesNFT,Archemist23NFT,True
603,31,DippiesNFT,BattleguruNFT,False
604,32,DippiesNFT,cbassg16,False
605,33,DippiesNFT,Zeneca_33,False
606,34,DippiesNFT,squidNFT,False
607,35,DippiesNFT,elliotrades,False
608,36,DippiesNFT,PopeyesNFTs,False
609,37,DippiesNFT,JamesCiesluk,True
610,38,DippiesNFT,AmeerHussainn,False
611,39,DippiesNFT,KevinSusanto,False
612,40,DippiesNFT,DonteCrypto,False
613,41,DippiesNFT,JuJulikesnfts,False
614,42,DippiesNFT,Chewtoro,False
615,43,DippiesNFT,DCLBlogger,False
616,44,DippiesNFT,tropoFarmer,True
617,45,DippiesNFT,sxtvik,False
618,46,DippiesNFT,andr3w,True
619,47,DippiesNFT,DeezeFi,False
620,48,DippiesNFT,fvckrender,False
621,49,DippiesNFT,garyvee,False
622,50,DippiesNFT,Luke360,False
623,51,DippiesNFT,iamDCinvestor,False
624,0,DrugReceipts,BentoBoiNFT,False
625,1,DrugReceipts,TheShamdoo,True
626,2,DrugReceipts,dingalingts,False
627,3,DrugReceipts,champtgram,False
628,4,DrugReceipts,CryptoGorillaYT,False
629,5,DrugReceipts,nftpasta,True
630,6,DrugReceipts,MattCobuzio,True
631,7,DrugReceipts,mulligan,False
632,8,DrugReceipts,Crypt0Emma,False
633,9,DrugReceipts,SkiddilyNFT,False
634,10,DrugReceipts,NFTverse_,False
635,11,DrugReceipts,NickyGee44,False
636,12,DrugReceipts,allnick,False
637,13,DrugReceipts,Cameron_singh17,False
638,14,DrugReceipts,maxnaut,False
639,15,DrugReceipts,LilMoonLambo,False
640,16,DrugReceipts,SajadNFT,False
641,17,DrugReceipts,ashrobinqt,False
642,18,DrugReceipts,Dario_Desiena,False
643,19,DrugReceipts,SneakyninjaNFTs,False
644,20,DrugReceipts,KosherPlug,False
645,21,DrugReceipts,thebrettway,False
646,22,DrugReceipts,OttoSuwenNFT,False
647,23,DrugReceipts,OttoSuwenNFT,False
648,24,DrugReceipts,itstylersays,False
649,25,DrugReceipts,hypnotizedApe,False
650,26,DrugReceipts,NFTLlama,False
651,27,DrugReceipts,JRNYcrypto,False
652,28,DrugReceipts,ZssBecker,False
653,29,DrugReceipts,SpencerCUH,False
654,30,DrugReceipts,Archemist23NFT,False
655,31,DrugReceipts,BattleguruNFT,False
656,32,DrugReceipts,cbassg16,False
657,33,DrugReceipts,Zeneca_33,False
658,34,DrugReceipts,squidNFT,False
659,35,DrugReceipts,elliotrades,False
660,36,DrugReceipts,PopeyesNFTs,False
661,37,DrugReceipts,JamesCiesluk,False
662,38,DrugReceipts,AmeerHussainn,False
663,39,DrugReceipts,KevinSusanto,False
664,40,DrugReceipts,DonteCrypto,False
665,41,DrugReceipts,JuJulikesnfts,False
666,42,DrugReceipts,Chewtoro,False
667,43,DrugReceipts,DCLBlogger,False
668,44,DrugReceipts,tropoFarmer,False
669,45,DrugReceipts,sxtvik,False
670,46,DrugReceipts,andr3w,False
671,47,DrugReceipts,DeezeFi,False
672,48,DrugReceipts,fvckrender,False
673,49,DrugReceipts,garyvee,False
674,50,DrugReceipts,Luke360,False
675,51,DrugReceipts,iamDCinvestor,False
676,0,Edenhorde,BentoBoiNFT,False
677,1,Edenhorde,TheShamdoo,False
678,2,Edenhorde,dingalingts,False
679,3,Edenhorde,champtgram,False
680,4,Edenhorde,CryptoGorillaYT,False
681,5,Edenhorde,nftpasta,True
682,6,Edenhorde,MattCobuzio,False
683,7,Edenhorde,mulligan,False
684,8,Edenhorde,Crypt0Emma,False
685,9,Edenhorde,SkiddilyNFT,True
686,10,Edenhorde,NFTverse_,False
687,11,Edenhorde,NickyGee44,False
688,12,Edenhorde,allnick,False
689,13,Edenhorde,Cameron_singh17,False
690,14,Edenhorde,maxnaut,True
691,15,Edenhorde,LilMoonLambo,False
692,16,Edenhorde,SajadNFT,False
693,17,Edenhorde,ashrobinqt,False
694,18,Edenhorde,Dario_Desiena,False
695,19,Edenhorde,SneakyninjaNFTs,False
696,20,Edenhorde,KosherPlug,False
697,21,Edenhorde,thebrettway,False
698,22,Edenhorde,OttoSuwenNFT,False
699,23,Edenhorde,OttoSuwenNFT,False
700,24,Edenhorde,itstylersays,False
701,25,Edenhorde,hypnotizedApe,False
702,26,Edenhorde,NFTLlama,False
703,27,Edenhorde,JRNYcrypto,False
704,28,Edenhorde,ZssBecker,False
705,29,Edenhorde,SpencerCUH,False
706,30,Edenhorde,Archemist23NFT,False
707,31,Edenhorde,BattleguruNFT,False
708,32,Edenhorde,cbassg16,False
709,33,Edenhorde,Zeneca_33,False
710,34,Edenhorde,squidNFT,False
711,35,Edenhorde,elliotrades,False
712,36,Edenhorde,PopeyesNFTs,False
713,37,Edenhorde,JamesCiesluk,False
714,38,Edenhorde,AmeerHussainn,False
715,39,Edenhorde,KevinSusanto,False
716,40,Edenhorde,DonteCrypto,False
717,41,Edenhorde,JuJulikesnfts,False
718,42,Edenhorde,Chewtoro,False
719,43,Edenhorde,DCLBlogger,False
720,44,Edenhorde,tropoFarmer,True
721,45,Edenhorde,sxtvik,False
722,46,Edenhorde,andr3w,False
723,47,Edenhorde,DeezeFi,False
724,48,Edenhorde,fvckrender,False
725,49,Edenhorde,garyvee,False
726,50,Edenhorde,Luke360,False
727,51,Edenhorde,iamDCinvestor,False
728,0,FortuneFriends_,BentoBoiNFT,False
729,1,FortuneFriends_,TheShamdoo,False
730,2,FortuneFriends_,dingalingts,False
731,3,FortuneFriends_,champtgram,True
732,4,FortuneFriends_,CryptoGorillaYT,True
733,5,FortuneFriends_,nftpasta,True
734,6,FortuneFriends_,MattCobuzio,True
735,7,FortuneFriends_,mulligan,False
736,8,FortuneFriends_,Crypt0Emma,False
737,9,FortuneFriends_,SkiddilyNFT,True
738,10,FortuneFriends_,NFTverse_,False
739,11,FortuneFriends_,NickyGee44,False
740,12,FortuneFriends_,allnick,False
741,13,FortuneFriends_,Cameron_singh17,True
742,14,FortuneFriends_,maxnaut,True
743,15,FortuneFriends_,LilMoonLambo,False
744,16,FortuneFriends_,SajadNFT,False
745,17,FortuneFriends_,ashrobinqt,True
746,18,FortuneFriends_,Dario_Desiena,False
747,19,FortuneFriends_,SneakyninjaNFTs,False
748,20,FortuneFriends_,KosherPlug,False
749,21,FortuneFriends_,thebrettway,False
750,22,FortuneFriends_,OttoSuwenNFT,False
751,23,FortuneFriends_,OttoSuwenNFT,False
752,24,FortuneFriends_,itstylersays,False
753,25,FortuneFriends_,hypnotizedApe,False
754,26,FortuneFriends_,NFTLlama,True
755,27,FortuneFriends_,JRNYcrypto,False
756,28,FortuneFriends_,ZssBecker,False
757,29,FortuneFriends_,SpencerCUH,False
758,30,FortuneFriends_,Archemist23NFT,False
759,31,FortuneFriends_,BattleguruNFT,False
760,32,FortuneFriends_,cbassg16,False
761,33,FortuneFriends_,Zeneca_33,True
762,34,FortuneFriends_,squidNFT,False
763,35,FortuneFriends_,elliotrades,False
764,36,FortuneFriends_,PopeyesNFTs,False
765,37,FortuneFriends_,JamesCiesluk,True
766,38,FortuneFriends_,AmeerHussainn,False
767,39,FortuneFriends_,KevinSusanto,False
768,40,FortuneFriends_,DonteCrypto,False
769,41,FortuneFriends_,JuJulikesnfts,True
770,42,FortuneFriends_,Chewtoro,True
771,43,FortuneFriends_,DCLBlogger,False
772,44,FortuneFriends_,tropoFarmer,False
773,45,FortuneFriends_,sxtvik,False
774,46,FortuneFriends_,andr3w,True
775,47,FortuneFriends_,DeezeFi,False
776,48,FortuneFriends_,fvckrender,False
777,49,FortuneFriends_,garyvee,False
778,50,FortuneFriends_,Luke360,False
779,51,FortuneFriends_,iamDCinvestor,False
780,0,frenlypandas,BentoBoiNFT,False
781,1,frenlypandas,TheShamdoo,False
782,2,frenlypandas,dingalingts,False
783,3,frenlypandas,champtgram,False
784,4,frenlypandas,CryptoGorillaYT,False
785,5,frenlypandas,nftpasta,False
786,6,frenlypandas,MattCobuzio,False
787,7,frenlypandas,mulligan,False
788,8,frenlypandas,Crypt0Emma,False
789,9,frenlypandas,SkiddilyNFT,False
790,10,frenlypandas,NFTverse_,False
791,11,frenlypandas,NickyGee44,False
792,12,frenlypandas,allnick,False
793,13,frenlypandas,Cameron_singh17,False
794,14,frenlypandas,maxnaut,False
795,15,frenlypandas,LilMoonLambo,False
796,16,frenlypandas,SajadNFT,False
797,17,frenlypandas,ashrobinqt,False
798,18,frenlypandas,Dario_Desiena,False
799,19,frenlypandas,SneakyninjaNFTs,False
800,20,frenlypandas,KosherPlug,False
801,21,frenlypandas,thebrettway,False
802,22,frenlypandas,OttoSuwenNFT,False
803,23,frenlypandas,OttoSuwenNFT,False
804,24,frenlypandas,itstylersays,False
805,25,frenlypandas,hypnotizedApe,False
806,26,frenlypandas,NFTLlama,False
807,27,frenlypandas,JRNYcrypto,False
808,28,frenlypandas,ZssBecker,False
809,29,frenlypandas,SpencerCUH,False
810,30,frenlypandas,Archemist23NFT,False
811,31,frenlypandas,BattleguruNFT,False
812,32,frenlypandas,cbassg16,False
813,33,frenlypandas,Zeneca_33,False
814,34,frenlypandas,squidNFT,False
815,35,frenlypandas,elliotrades,False
816,36,frenlypandas,PopeyesNFTs,False
817,37,frenlypandas,JamesCiesluk,False
818,38,frenlypandas,AmeerHussainn,False
819,39,frenlypandas,KevinSusanto,False
820,40,frenlypandas,DonteCrypto,False
821,41,frenlypandas,JuJulikesnfts,False
822,42,frenlypandas,Chewtoro,False
823,43,frenlypandas,DCLBlogger,False
824,44,frenlypandas,tropoFarmer,False
825,45,frenlypandas,sxtvik,False
826,46,frenlypandas,andr3w,False
827,47,frenlypandas,DeezeFi,False
828,48,frenlypandas,fvckrender,False
829,49,frenlypandas,garyvee,False
830,50,frenlypandas,Luke360,False
831,51,frenlypandas,iamDCinvestor,False
832,0,goopdoods,BentoBoiNFT,False
833,1,goopdoods,TheShamdoo,True
834,2,goopdoods,dingalingts,False
835,3,goopdoods,champtgram,False
836,4,goopdoods,CryptoGorillaYT,True
837,5,goopdoods,nftpasta,True
838,6,goopdoods,MattCobuzio,False
839,7,goopdoods,mulligan,False
840,8,goopdoods,Crypt0Emma,True
841,9,goopdoods,SkiddilyNFT,True
842,10,goopdoods,NFTverse_,False
843,11,goopdoods,NickyGee44,False
844,12,goopdoods,allnick,False
845,13,goopdoods,Cameron_singh17,False
846,14,goopdoods,maxnaut,False
847,15,goopdoods,LilMoonLambo,False
848,16,goopdoods,SajadNFT,False
849,17,goopdoods,ashrobinqt,False
850,18,goopdoods,Dario_Desiena,False
851,19,goopdoods,SneakyninjaNFTs,False
852,20,goopdoods,KosherPlug,False
853,21,goopdoods,thebrettway,False
854,22,goopdoods,OttoSuwenNFT,False
855,23,goopdoods,OttoSuwenNFT,False
856,24,goopdoods,itstylersays,False
857,25,goopdoods,hypnotizedApe,False
858,26,goopdoods,NFTLlama,False
859,27,goopdoods,JRNYcrypto,False
860,28,goopdoods,ZssBecker,False
861,29,goopdoods,SpencerCUH,False
862,30,goopdoods,Archemist23NFT,False
863,31,goopdoods,BattleguruNFT,False
864,32,goopdoods,cbassg16,False
865,33,goopdoods,Zeneca_33,False
866,34,goopdoods,squidNFT,False
867,35,goopdoods,elliotrades,False
868,36,goopdoods,PopeyesNFTs,True
869,37,goopdoods,JamesCiesluk,False
870,38,goopdoods,AmeerHussainn,True
871,39,goopdoods,KevinSusanto,False
872,40,goopdoods,DonteCrypto,False
873,41,goopdoods,JuJulikesnfts,False
874,42,goopdoods,Chewtoro,False
875,43,goopdoods,DCLBlogger,False
876,44,goopdoods,tropoFarmer,True
877,45,goopdoods,sxtvik,True
878,46,goopdoods,andr3w,False
879,47,goopdoods,DeezeFi,False
880,48,goopdoods,fvckrender,False
881,49,goopdoods,garyvee,False
882,50,goopdoods,Luke360,False
883,51,goopdoods,iamDCinvestor,False
884,0,iamchillpill,BentoBoiNFT,True
885,1,iamchillpill,TheShamdoo,False
886,2,iamchillpill,dingalingts,False
887,3,iamchillpill,champtgram,False
888,4,iamchillpill,CryptoGorillaYT,True
889,5,iamchillpill,nftpasta,True
890,6,iamchillpill,MattCobuzio,False
891,7,iamchillpill,mulligan,False
892,8,iamchillpill,Crypt0Emma,True
893,9,iamchillpill,SkiddilyNFT,True
894,10,iamchillpill,NFTverse_,False
895,11,iamchillpill,NickyGee44,False
896,12,iamchillpill,allnick,False
897,13,iamchillpill,Cameron_singh17,False
898,14,iamchillpill,maxnaut,False
899,15,iamchillpill,LilMoonLambo,False
900,16,iamchillpill,SajadNFT,False
901,17,iamchillpill,ashrobinqt,False
902,18,iamchillpill,Dario_Desiena,False
903,19,iamchillpill,SneakyninjaNFTs,False
904,20,iamchillpill,KosherPlug,False
905,21,iamchillpill,thebrettway,False
906,22,iamchillpill,OttoSuwenNFT,False
907,23,iamchillpill,OttoSuwenNFT,False
908,24,iamchillpill,itstylersays,False
909,25,iamchillpill,hypnotizedApe,False
910,26,iamchillpill,NFTLlama,True
911,27,iamchillpill,JRNYcrypto,False
912,28,iamchillpill,ZssBecker,False
913,29,iamchillpill,SpencerCUH,False
914,30,iamchillpill,Archemist23NFT,True
915,31,iamchillpill,BattleguruNFT,False
916,32,iamchillpill,cbassg16,False
917,33,iamchillpill,Zeneca_33,False
918,34,iamchillpill,squidNFT,False
919,35,iamchillpill,elliotrades,False
920,36,iamchillpill,PopeyesNFTs,True
921,37,iamchillpill,JamesCiesluk,False
922,38,iamchillpill,AmeerHussainn,False
923,39,iamchillpill,KevinSusanto,False
924,40,iamchillpill,DonteCrypto,False
925,41,iamchillpill,JuJulikesnfts,False
926,42,iamchillpill,Chewtoro,True
927,43,iamchillpill,DCLBlogger,False
928,44,iamchillpill,tropoFarmer,True
929,45,iamchillpill,sxtvik,False
930,46,iamchillpill,andr3w,True
931,47,iamchillpill,DeezeFi,True
932,48,iamchillpill,fvckrender,False
933,49,iamchillpill,garyvee,False
934,50,iamchillpill,Luke360,False
935,51,iamchillpill,iamDCinvestor,False
936,0,ILYYWNFT,BentoBoiNFT,True
937,1,ILYYWNFT,TheShamdoo,True
938,2,ILYYWNFT,dingalingts,False
939,3,ILYYWNFT,champtgram,False
940,4,ILYYWNFT,CryptoGorillaYT,True
941,5,ILYYWNFT,nftpasta,True
942,6,ILYYWNFT,MattCobuzio,False
943,7,ILYYWNFT,mulligan,False
944,8,ILYYWNFT,Crypt0Emma,True
945,9,ILYYWNFT,SkiddilyNFT,True
946,10,ILYYWNFT,NFTverse_,False
947,11,ILYYWNFT,NickyGee44,False
948,12,ILYYWNFT,allnick,False
949,13,ILYYWNFT,Cameron_singh17,False
950,14,ILYYWNFT,maxnaut,True
951,15,ILYYWNFT,LilMoonLambo,False
952,16,ILYYWNFT,SajadNFT,False
953,17,ILYYWNFT,ashrobinqt,False
954,18,ILYYWNFT,Dario_Desiena,False
955,19,ILYYWNFT,SneakyninjaNFTs,False
956,20,ILYYWNFT,KosherPlug,False
957,21,ILYYWNFT,thebrettway,False
958,22,ILYYWNFT,OttoSuwenNFT,False
959,23,ILYYWNFT,OttoSuwenNFT,False
960,24,ILYYWNFT,itstylersays,False
961,25,ILYYWNFT,hypnotizedApe,False
962,26,ILYYWNFT,NFTLlama,False
963,27,ILYYWNFT,JRNYcrypto,False
964,28,ILYYWNFT,ZssBecker,False
965,29,ILYYWNFT,SpencerCUH,False
966,30,ILYYWNFT,Archemist23NFT,True
967,31,ILYYWNFT,BattleguruNFT,False
968,32,ILYYWNFT,cbassg16,False
969,33,ILYYWNFT,Zeneca_33,False
970,34,ILYYWNFT,squidNFT,False
971,35,ILYYWNFT,elliotrades,False
972,36,ILYYWNFT,PopeyesNFTs,True
973,37,ILYYWNFT,JamesCiesluk,True
974,38,ILYYWNFT,AmeerHussainn,False
975,39,ILYYWNFT,KevinSusanto,False
976,40,ILYYWNFT,DonteCrypto,False
977,41,ILYYWNFT,JuJulikesnfts,False
978,42,ILYYWNFT,Chewtoro,False
979,43,ILYYWNFT,DCLBlogger,False
980,44,ILYYWNFT,tropoFarmer,False
981,45,ILYYWNFT,sxtvik,False
982,46,ILYYWNFT,andr3w,True
983,47,ILYYWNFT,DeezeFi,False
984,48,ILYYWNFT,fvckrender,False
985,49,ILYYWNFT,garyvee,False
986,50,ILYYWNFT,Luke360,False
987,51,ILYYWNFT,iamDCinvestor,False
988,0,KamiTribe,BentoBoiNFT,False
989,1,KamiTribe,TheShamdoo,False
990,2,KamiTribe,dingalingts,False
991,3,KamiTribe,champtgram,False
992,4,KamiTribe,CryptoGorillaYT,False
993,5,KamiTribe,nftpasta,True
994,6,KamiTribe,MattCobuzio,False
995,7,KamiTribe,mulligan,False
996,8,KamiTribe,Crypt0Emma,False
997,9,KamiTribe,SkiddilyNFT,False
998,10,KamiTribe,NFTverse_,False
999,11,KamiTribe,NickyGee44,False
1000,12,KamiTribe,allnick,False
1001,13,KamiTribe,Cameron_singh17,False
1002,14,KamiTribe,maxnaut,False
1003,15,KamiTribe,LilMoonLambo,False
1004,16,KamiTribe,SajadNFT,False
1005,17,KamiTribe,ashrobinqt,False
1006,18,KamiTribe,Dario_Desiena,False
1007,19,KamiTribe,SneakyninjaNFTs,False
1008,20,KamiTribe,KosherPlug,False
1009,21,KamiTribe,thebrettway,False
1010,22,KamiTribe,OttoSuwenNFT,False
1011,23,KamiTribe,OttoSuwenNFT,False
1012,24,KamiTribe,itstylersays,False
1013,25,KamiTribe,hypnotizedApe,False
1014,26,KamiTribe,NFTLlama,False
1015,27,KamiTribe,JRNYcrypto,False
1016,28,KamiTribe,ZssBecker,False
1017,29,KamiTribe,SpencerCUH,False
1018,30,KamiTribe,Archemist23NFT,False
1019,31,KamiTribe,BattleguruNFT,False
1020,32,KamiTribe,cbassg16,False
1021,33,KamiTribe,Zeneca_33,False
1022,34,KamiTribe,squidNFT,False
1023,35,KamiTribe,elliotrades,False
1024,36,KamiTribe,PopeyesNFTs,False
1025,37,KamiTribe,JamesCiesluk,True
1026,38,KamiTribe,AmeerHussainn,False
1027,39,KamiTribe,KevinSusanto,False
1028,40,KamiTribe,DonteCrypto,False
1029,41,KamiTribe,JuJulikesnfts,False
1030,42,KamiTribe,Chewtoro,True
1031,43,KamiTribe,DCLBlogger,False
1032,44,KamiTribe,tropoFarmer,False
1033,45,KamiTribe,sxtvik,False
1034,46,KamiTribe,andr3w,False
1035,47,KamiTribe,DeezeFi,False
1036,48,KamiTribe,fvckrender,False
1037,49,KamiTribe,garyvee,False
1038,50,KamiTribe,Luke360,False
1039,51,KamiTribe,iamDCinvestor,False
1040,0,loserclubreborn,BentoBoiNFT,False
1041,1,loserclubreborn,TheShamdoo,True
1042,2,loserclubreborn,dingalingts,False
1043,3,loserclubreborn,champtgram,False
1044,4,loserclubreborn,CryptoGorillaYT,True
1045,5,loserclubreborn,nftpasta,True
1046,6,loserclubreborn,MattCobuzio,False
1047,7,loserclubreborn,mulligan,False
1048,8,loserclubreborn,Crypt0Emma,False
1049,9,loserclubreborn,SkiddilyNFT,False
1050,10,loserclubreborn,NFTverse_,False
1051,11,loserclubreborn,NickyGee44,False
1052,12,loserclubreborn,allnick,False
1053,13,loserclubreborn,Cameron_singh17,False
1054,14,loserclubreborn,maxnaut,True
1055,15,loserclubreborn,LilMoonLambo,False
1056,16,loserclubreborn,SajadNFT,False
1057,17,loserclubreborn,ashrobinqt,True
1058,18,loserclubreborn,Dario_Desiena,False
1059,19,loserclubreborn,SneakyninjaNFTs,False
1060,20,loserclubreborn,KosherPlug,True
1061,21,loserclubreborn,thebrettway,False
1062,22,loserclubreborn,OttoSuwenNFT,False
1063,23,loserclubreborn,OttoSuwenNFT,False
1064,24,loserclubreborn,itstylersays,False
1065,25,loserclubreborn,hypnotizedApe,False
1066,26,loserclubreborn,NFTLlama,False
1067,27,loserclubreborn,JRNYcrypto,False
1068,28,loserclubreborn,ZssBecker,False
1069,29,loserclubreborn,SpencerCUH,False
1070,30,loserclubreborn,Archemist23NFT,False
1071,31,loserclubreborn,BattleguruNFT,False
1072,32,loserclubreborn,cbassg16,False
1073,33,loserclubreborn,Zeneca_33,False
1074,34,loserclubreborn,squidNFT,False
1075,35,loserclubreborn,elliotrades,False
1076,36,loserclubreborn,PopeyesNFTs,False
1077,37,loserclubreborn,JamesCiesluk,True
1078,38,loserclubreborn,AmeerHussainn,False
1079,39,loserclubreborn,KevinSusanto,False
1080,40,loserclubreborn,DonteCrypto,False
1081,41,loserclubreborn,JuJulikesnfts,False
1082,42,loserclubreborn,Chewtoro,True
1083,43,loserclubreborn,DCLBlogger,False
1084,44,loserclubreborn,tropoFarmer,True
1085,45,loserclubreborn,sxtvik,False
1086,46,loserclubreborn,andr3w,False
1087,47,loserclubreborn,DeezeFi,False
1088,48,loserclubreborn,fvckrender,False
1089,49,loserclubreborn,garyvee,False
1090,50,loserclubreborn,Luke360,False
1091,51,loserclubreborn,iamDCinvestor,False
1092,0,midlifenft,BentoBoiNFT,False
1093,1,midlifenft,TheShamdoo,False
1094,2,midlifenft,dingalingts,False
1095,3,midlifenft,champtgram,False
1096,4,midlifenft,CryptoGorillaYT,False
1097,5,midlifenft,nftpasta,False
1098,6,midlifenft,MattCobuzio,False
1099,7,midlifenft,mulligan,False
1100,8,midlifenft,Crypt0Emma,False
1101,9,midlifenft,SkiddilyNFT,False
1102,10,midlifenft,NFTverse_,False
1103,11,midlifenft,NickyGee44,False
1104,12,midlifenft,allnick,False
1105,13,midlifenft,Cameron_singh17,False
1106,14,midlifenft,maxnaut,False
1107,15,midlifenft,LilMoonLambo,False
1108,16,midlifenft,SajadNFT,False
1109,17,midlifenft,ashrobinqt,False
1110,18,midlifenft,Dario_Desiena,False
1111,19,midlifenft,SneakyninjaNFTs,False
1112,20,midlifenft,KosherPlug,False
1113,21,midlifenft,thebrettway,False
1114,22,midlifenft,OttoSuwenNFT,False
1115,23,midlifenft,OttoSuwenNFT,False
1116,24,midlifenft,itstylersays,False
1117,25,midlifenft,hypnotizedApe,False
1118,26,midlifenft,NFTLlama,False
1119,27,midlifenft,JRNYcrypto,False
1120,28,midlifenft,ZssBecker,False
1121,29,midlifenft,SpencerCUH,False
1122,30,midlifenft,Archemist23NFT,False
1123,31,midlifenft,BattleguruNFT,False
1124,32,midlifenft,cbassg16,False
1125,33,midlifenft,Zeneca_33,False
1126,34,midlifenft,squidNFT,False
1127,35,midlifenft,elliotrades,False
1128,36,midlifenft,PopeyesNFTs,False
1129,37,midlifenft,JamesCiesluk,False
1130,38,midlifenft,AmeerHussainn,False
1131,39,midlifenft,KevinSusanto,False
1132,40,midlifenft,DonteCrypto,False
1133,41,midlifenft,JuJulikesnfts,False
1134,42,midlifenft,Chewtoro,False
1135,43,midlifenft,DCLBlogger,False
1136,44,midlifenft,tropoFarmer,False
1137,45,midlifenft,sxtvik,False
1138,46,midlifenft,andr3w,False
1139,47,midlifenft,DeezeFi,False
1140,48,midlifenft,fvckrender,False
1141,49,midlifenft,garyvee,False
1142,50,midlifenft,Luke360,False
1143,51,midlifenft,iamDCinvestor,False
1144,0,myinternetfrens,BentoBoiNFT,False
1145,1,myinternetfrens,TheShamdoo,False
1146,2,myinternetfrens,dingalingts,False
1147,3,myinternetfrens,champtgram,False
1148,4,myinternetfrens,CryptoGorillaYT,False
1149,5,myinternetfrens,nftpasta,False
1150,6,myinternetfrens,MattCobuzio,False
1151,7,myinternetfrens,mulligan,False
1152,8,myinternetfrens,Crypt0Emma,False
1153,9,myinternetfrens,SkiddilyNFT,False
1154,10,myinternetfrens,NFTverse_,False
1155,11,myinternetfrens,NickyGee44,False
1156,12,myinternetfrens,allnick,False
1157,13,myinternetfrens,Cameron_singh17,False
1158,14,myinternetfrens,maxnaut,False
1159,15,myinternetfrens,LilMoonLambo,False
1160,16,myinternetfrens,SajadNFT,False
1161,17,myinternetfrens,ashrobinqt,False
1162,18,myinternetfrens,Dario_Desiena,False
1163,19,myinternetfrens,SneakyninjaNFTs,False
1164,20,myinternetfrens,KosherPlug,False
1165,21,myinternetfrens,thebrettway,False
1166,22,myinternetfrens,OttoSuwenNFT,False
1167,23,myinternetfrens,OttoSuwenNFT,False
1168,24,myinternetfrens,itstylersays,False
1169,25,myinternetfrens,hypnotizedApe,False
1170,26,myinternetfrens,NFTLlama,False
1171,27,myinternetfrens,JRNYcrypto,False
1172,28,myinternetfrens,ZssBecker,False
1173,29,myinternetfrens,SpencerCUH,False
1174,30,myinternetfrens,Archemist23NFT,False
1175,31,myinternetfrens,BattleguruNFT,False
1176,32,myinternetfrens,cbassg16,False
1177,33,myinternetfrens,Zeneca_33,False
1178,34,myinternetfrens,squidNFT,False
1179,35,myinternetfrens,elliotrades,False
1180,36,myinternetfrens,PopeyesNFTs,False
1181,37,myinternetfrens,JamesCiesluk,False
1182,38,myinternetfrens,AmeerHussainn,False
1183,39,myinternetfrens,KevinSusanto,False
1184,40,myinternetfrens,DonteCrypto,False
1185,41,myinternetfrens,JuJulikesnfts,False
1186,42,myinternetfrens,Chewtoro,False
1187,43,myinternetfrens,DCLBlogger,False
1188,44,myinternetfrens,tropoFarmer,False
1189,45,myinternetfrens,sxtvik,False
1190,46,myinternetfrens,andr3w,False
1191,47,myinternetfrens,DeezeFi,False
1192,48,myinternetfrens,fvckrender,False
1193,49,myinternetfrens,garyvee,False
1194,50,myinternetfrens,Luke360,False
1195,51,myinternetfrens,iamDCinvestor,False
1196,0,NftFloppy,BentoBoiNFT,True
1197,1,NftFloppy,TheShamdoo,False
1198,2,NftFloppy,dingalingts,False
1199,3,NftFloppy,champtgram,False
1200,4,NftFloppy,CryptoGorillaYT,True
1201,5,NftFloppy,nftpasta,True
1202,6,NftFloppy,MattCobuzio,False
1203,7,NftFloppy,mulligan,False
1204,8,NftFloppy,Crypt0Emma,False
1205,9,NftFloppy,SkiddilyNFT,True
1206,10,NftFloppy,NFTverse_,False
1207,11,NftFloppy,NickyGee44,False
1208,12,NftFloppy,allnick,False
1209,13,NftFloppy,Cameron_singh17,False
1210,14,NftFloppy,maxnaut,True
1211,15,NftFloppy,LilMoonLambo,False
1212,16,NftFloppy,SajadNFT,False
1213,17,NftFloppy,ashrobinqt,False
1214,18,NftFloppy,Dario_Desiena,False
1215,19,NftFloppy,SneakyninjaNFTs,False
1216,20,NftFloppy,KosherPlug,True
1217,21,NftFloppy,thebrettway,False
1218,22,NftFloppy,OttoSuwenNFT,False
1219,23,NftFloppy,OttoSuwenNFT,False
1220,24,NftFloppy,itstylersays,False
1221,25,NftFloppy,hypnotizedApe,False
1222,26,NftFloppy,NFTLlama,False
1223,27,NftFloppy,JRNYcrypto,False
1224,28,NftFloppy,ZssBecker,False
1225,29,NftFloppy,SpencerCUH,False
1226,30,NftFloppy,Archemist23NFT,True
1227,31,NftFloppy,BattleguruNFT,False
1228,32,NftFloppy,cbassg16,False
1229,33,NftFloppy,Zeneca_33,False
1230,34,NftFloppy,squidNFT,False
1231,35,NftFloppy,elliotrades,False
1232,36,NftFloppy,PopeyesNFTs,False
1233,37,NftFloppy,JamesCiesluk,True
1234,38,NftFloppy,AmeerHussainn,False
1235,39,NftFloppy,KevinSusanto,False
1236,40,NftFloppy,DonteCrypto,False
1237,41,NftFloppy,JuJulikesnfts,False
1238,42,NftFloppy,Chewtoro,False
1239,43,NftFloppy,DCLBlogger,False
1240,44,NftFloppy,tropoFarmer,False
1241,45,NftFloppy,sxtvik,False
1242,46,NftFloppy,andr3w,False
1243,47,NftFloppy,DeezeFi,False
1244,48,NftFloppy,fvckrender,False
1245,49,NftFloppy,garyvee,False
1246,50,NftFloppy,Luke360,False
1247,51,NftFloppy,iamDCinvestor,False
1248,0,PlanktoonsNFT,BentoBoiNFT,False
1249,1,PlanktoonsNFT,TheShamdoo,False
1250,2,PlanktoonsNFT,dingalingts,False
1251,3,PlanktoonsNFT,champtgram,False
1252,4,PlanktoonsNFT,CryptoGorillaYT,False
1253,5,PlanktoonsNFT,nftpasta,True
1254,6,PlanktoonsNFT,MattCobuzio,False
1255,7,PlanktoonsNFT,mulligan,False
1256,8,PlanktoonsNFT,Crypt0Emma,False
1257,9,PlanktoonsNFT,SkiddilyNFT,False
1258,10,PlanktoonsNFT,NFTverse_,False
1259,11,PlanktoonsNFT,NickyGee44,False
1260,12,PlanktoonsNFT,allnick,False
1261,13,PlanktoonsNFT,Cameron_singh17,False
1262,14,PlanktoonsNFT,maxnaut,False
1263,15,PlanktoonsNFT,LilMoonLambo,False
1264,16,PlanktoonsNFT,SajadNFT,False
1265,17,PlanktoonsNFT,ashrobinqt,False
1266,18,PlanktoonsNFT,Dario_Desiena,False
1267,19,PlanktoonsNFT,SneakyninjaNFTs,False
1268,20,PlanktoonsNFT,KosherPlug,False
1269,21,PlanktoonsNFT,thebrettway,False
1270,22,PlanktoonsNFT,OttoSuwenNFT,False
1271,23,PlanktoonsNFT,OttoSuwenNFT,False
1272,24,PlanktoonsNFT,itstylersays,False
1273,25,PlanktoonsNFT,hypnotizedApe,False
1274,26,PlanktoonsNFT,NFTLlama,False
1275,27,PlanktoonsNFT,JRNYcrypto,False
1276,28,PlanktoonsNFT,ZssBecker,False
1277,29,PlanktoonsNFT,SpencerCUH,False
1278,30,PlanktoonsNFT,Archemist23NFT,False
1279,31,PlanktoonsNFT,BattleguruNFT,False
1280,32,PlanktoonsNFT,cbassg16,False
1281,33,PlanktoonsNFT,Zeneca_33,False
1282,34,PlanktoonsNFT,squidNFT,False
1283,35,PlanktoonsNFT,elliotrades,False
1284,36,PlanktoonsNFT,PopeyesNFTs,False
1285,37,PlanktoonsNFT,JamesCiesluk,True
1286,38,PlanktoonsNFT,AmeerHussainn,False
1287,39,PlanktoonsNFT,KevinSusanto,False
1288,40,PlanktoonsNFT,DonteCrypto,False
1289,41,PlanktoonsNFT,JuJulikesnfts,False
1290,42,PlanktoonsNFT,Chewtoro,True
1291,43,PlanktoonsNFT,DCLBlogger,False
1292,44,PlanktoonsNFT,tropoFarmer,False
1293,45,PlanktoonsNFT,sxtvik,False
1294,46,PlanktoonsNFT,andr3w,False
1295,47,PlanktoonsNFT,DeezeFi,False
1296,48,PlanktoonsNFT,fvckrender,False
1297,49,PlanktoonsNFT,garyvee,False
1298,50,PlanktoonsNFT,Luke360,False
1299,51,PlanktoonsNFT,iamDCinvestor,False
1300,0,RoborovskiNFT,BentoBoiNFT,True
1301,1,RoborovskiNFT,TheShamdoo,False
1302,2,RoborovskiNFT,dingalingts,False
1303,3,RoborovskiNFT,champtgram,True
1304,4,RoborovskiNFT,CryptoGorillaYT,False
1305,5,RoborovskiNFT,nftpasta,True
1306,6,RoborovskiNFT,MattCobuzio,False
1307,7,RoborovskiNFT,mulligan,False
1308,8,RoborovskiNFT,Crypt0Emma,True
1309,9,RoborovskiNFT,SkiddilyNFT,True
1310,10,RoborovskiNFT,NFTverse_,False
1311,11,RoborovskiNFT,NickyGee44,True
1312,12,RoborovskiNFT,allnick,False
1313,13,RoborovskiNFT,Cameron_singh17,True
1314,14,RoborovskiNFT,maxnaut,False
1315,15,RoborovskiNFT,LilMoonLambo,False
1316,16,RoborovskiNFT,SajadNFT,False
1317,17,RoborovskiNFT,ashrobinqt,False
1318,18,RoborovskiNFT,Dario_Desiena,False
1319,19,RoborovskiNFT,SneakyninjaNFTs,False
1320,20,RoborovskiNFT,KosherPlug,False
1321,21,RoborovskiNFT,thebrettway,False
1322,22,RoborovskiNFT,OttoSuwenNFT,False
1323,23,RoborovskiNFT,OttoSuwenNFT,False
1324,24,RoborovskiNFT,itstylersays,False
1325,25,RoborovskiNFT,hypnotizedApe,False
1326,26,RoborovskiNFT,NFTLlama,False
1327,27,RoborovskiNFT,JRNYcrypto,False
1328,28,RoborovskiNFT,ZssBecker,False
1329,29,RoborovskiNFT,SpencerCUH,False
1330,30,RoborovskiNFT,Archemist23NFT,False
1331,31,RoborovskiNFT,BattleguruNFT,False
1332,32,RoborovskiNFT,cbassg16,False
1333,33,RoborovskiNFT,Zeneca_33,False
1334,34,RoborovskiNFT,squidNFT,False
1335,35,RoborovskiNFT,elliotrades,False
1336,36,RoborovskiNFT,PopeyesNFTs,False
1337,37,RoborovskiNFT,JamesCiesluk,False
1338,38,RoborovskiNFT,AmeerHussainn,False
1339,39,RoborovskiNFT,KevinSusanto,True
1340,40,RoborovskiNFT,DonteCrypto,False
1341,41,RoborovskiNFT,JuJulikesnfts,False
1342,42,RoborovskiNFT,Chewtoro,True
1343,43,RoborovskiNFT,DCLBlogger,False
1344,44,RoborovskiNFT,tropoFarmer,False
1345,45,RoborovskiNFT,sxtvik,False
1346,46,RoborovskiNFT,andr3w,False
1347,47,RoborovskiNFT,DeezeFi,False
1348,48,RoborovskiNFT,fvckrender,False
1349,49,RoborovskiNFT,garyvee,False
1350,50,RoborovskiNFT,Luke360,False
1351,51,RoborovskiNFT,iamDCinvestor,False
1352,0,rollbitcom,BentoBoiNFT,False
1353,1,rollbitcom,TheShamdoo,False
1354,2,rollbitcom,dingalingts,False
1355,3,rollbitcom,champtgram,False
1356,4,rollbitcom,CryptoGorillaYT,True
1357,5,rollbitcom,nftpasta,True
1358,6,rollbitcom,MattCobuzio,False
1359,7,rollbitcom,mulligan,False
1360,8,rollbitcom,Crypt0Emma,False
1361,9,rollbitcom,SkiddilyNFT,False
1362,10,rollbitcom,NFTverse_,False
1363,11,rollbitcom,NickyGee44,True
1364,12,rollbitcom,allnick,False
1365,13,rollbitcom,Cameron_singh17,False
1366,14,rollbitcom,maxnaut,False
1367,15,rollbitcom,LilMoonLambo,False
1368,16,rollbitcom,SajadNFT,False
1369,17,rollbitcom,ashrobinqt,False
1370,18,rollbitcom,Dario_Desiena,False
1371,19,rollbitcom,SneakyninjaNFTs,False
1372,20,rollbitcom,KosherPlug,False
1373,21,rollbitcom,thebrettway,False
1374,22,rollbitcom,OttoSuwenNFT,False
1375,23,rollbitcom,OttoSuwenNFT,False
1376,24,rollbitcom,itstylersays,False
1377,25,rollbitcom,hypnotizedApe,False
1378,26,rollbitcom,NFTLlama,True
1379,27,rollbitcom,JRNYcrypto,False
1380,28,rollbitcom,ZssBecker,False
1381,29,rollbitcom,SpencerCUH,False
1382,30,rollbitcom,Archemist23NFT,False
1383,31,rollbitcom,BattleguruNFT,False
1384,32,rollbitcom,cbassg16,False
1385,33,rollbitcom,Zeneca_33,False
1386,34,rollbitcom,squidNFT,False
1387,35,rollbitcom,elliotrades,False
1388,36,rollbitcom,PopeyesNFTs,False
1389,37,rollbitcom,JamesCiesluk,False
1390,38,rollbitcom,AmeerHussainn,False
1391,39,rollbitcom,KevinSusanto,False
1392,40,rollbitcom,DonteCrypto,False
1393,41,rollbitcom,JuJulikesnfts,False
1394,42,rollbitcom,Chewtoro,False
1395,43,rollbitcom,DCLBlogger,False
1396,44,rollbitcom,tropoFarmer,False
1397,45,rollbitcom,sxtvik,False
1398,46,rollbitcom,andr3w,False
1399,47,rollbitcom,DeezeFi,True
1400,48,rollbitcom,fvckrender,False
1401,49,rollbitcom,garyvee,False
1402,50,rollbitcom,Luke360,False
1403,51,rollbitcom,iamDCinvestor,False
1404,0,RubberDuckBP,BentoBoiNFT,False
1405,1,RubberDuckBP,TheShamdoo,True
1406,2,RubberDuckBP,dingalingts,False
1407,3,RubberDuckBP,champtgram,True
1408,4,RubberDuckBP,CryptoGorillaYT,True
1409,5,RubberDuckBP,nftpasta,True
1410,6,RubberDuckBP,MattCobuzio,True
1411,7,RubberDuckBP,mulligan,False
1412,8,RubberDuckBP,Crypt0Emma,True
1413,9,RubberDuckBP,SkiddilyNFT,True
1414,10,RubberDuckBP,NFTverse_,False
1415,11,RubberDuckBP,NickyGee44,False
1416,12,RubberDuckBP,allnick,False
1417,13,RubberDuckBP,Cameron_singh17,True
1418,14,RubberDuckBP,maxnaut,True
1419,15,RubberDuckBP,LilMoonLambo,False
1420,16,RubberDuckBP,SajadNFT,False
1421,17,RubberDuckBP,ashrobinqt,False
1422,18,RubberDuckBP,Dario_Desiena,False
1423,19,RubberDuckBP,SneakyninjaNFTs,False
1424,20,RubberDuckBP,KosherPlug,False
1425,21,RubberDuckBP,thebrettway,False
1426,22,RubberDuckBP,OttoSuwenNFT,False
1427,23,RubberDuckBP,OttoSuwenNFT,False
1428,24,RubberDuckBP,itstylersays,False
1429,25,RubberDuckBP,hypnotizedApe,False
1430,26,RubberDuckBP,NFTLlama,False
1431,27,RubberDuckBP,JRNYcrypto,False
1432,28,RubberDuckBP,ZssBecker,False
1433,29,RubberDuckBP,SpencerCUH,False
1434,30,RubberDuckBP,Archemist23NFT,True
1435,31,RubberDuckBP,BattleguruNFT,True
1436,32,RubberDuckBP,cbassg16,False
1437,33,RubberDuckBP,Zeneca_33,False
1438,34,RubberDuckBP,squidNFT,False
1439,35,RubberDuckBP,elliotrades,False
1440,36,RubberDuckBP,PopeyesNFTs,False
1441,37,RubberDuckBP,JamesCiesluk,False
1442,38,RubberDuckBP,AmeerHussainn,False
1443,39,RubberDuckBP,KevinSusanto,False
1444,40,RubberDuckBP,DonteCrypto,False
1445,41,RubberDuckBP,JuJulikesnfts,False
1446,42,RubberDuckBP,Chewtoro,False
1447,43,RubberDuckBP,DCLBlogger,False
1448,44,RubberDuckBP,tropoFarmer,False
1449,45,RubberDuckBP,sxtvik,False
1450,46,RubberDuckBP,andr3w,True
1451,47,RubberDuckBP,DeezeFi,False
1452,48,RubberDuckBP,fvckrender,False
1453,49,RubberDuckBP,garyvee,False
1454,50,RubberDuckBP,Luke360,True
1455,51,RubberDuckBP,iamDCinvestor,False
1456,0,RuggiesOfficial,BentoBoiNFT,False
1457,1,RuggiesOfficial,TheShamdoo,False
1458,2,RuggiesOfficial,dingalingts,False
1459,3,RuggiesOfficial,champtgram,False
1460,4,RuggiesOfficial,CryptoGorillaYT,False
1461,5,RuggiesOfficial,nftpasta,True
1462,6,RuggiesOfficial,MattCobuzio,False
1463,7,RuggiesOfficial,mulligan,False
1464,8,RuggiesOfficial,Crypt0Emma,False
1465,9,RuggiesOfficial,SkiddilyNFT,False
1466,10,RuggiesOfficial,NFTverse_,False
1467,11,RuggiesOfficial,NickyGee44,False
1468,12,RuggiesOfficial,allnick,False
1469,13,RuggiesOfficial,Cameron_singh17,False
1470,14,RuggiesOfficial,maxnaut,False
1471,15,RuggiesOfficial,LilMoonLambo,False
1472,16,RuggiesOfficial,SajadNFT,False
1473,17,RuggiesOfficial,ashrobinqt,False
1474,18,RuggiesOfficial,Dario_Desiena,False
1475,19,RuggiesOfficial,SneakyninjaNFTs,False
1476,20,RuggiesOfficial,KosherPlug,False
1477,21,RuggiesOfficial,thebrettway,False
1478,22,RuggiesOfficial,OttoSuwenNFT,False
1479,23,RuggiesOfficial,OttoSuwenNFT,False
1480,24,RuggiesOfficial,itstylersays,False
1481,25,RuggiesOfficial,hypnotizedApe,False
1482,26,RuggiesOfficial,NFTLlama,False
1483,27,RuggiesOfficial,JRNYcrypto,False
1484,28,RuggiesOfficial,ZssBecker,False
1485,29,RuggiesOfficial,SpencerCUH,False
1486,30,RuggiesOfficial,Archemist23NFT,True
1487,31,RuggiesOfficial,BattleguruNFT,False
1488,32,RuggiesOfficial,cbassg16,False
1489,33,RuggiesOfficial,Zeneca_33,False
1490,34,RuggiesOfficial,squidNFT,False
1491,35,RuggiesOfficial,elliotrades,False
1492,36,RuggiesOfficial,PopeyesNFTs,False
1493,37,RuggiesOfficial,JamesCiesluk,False
1494,38,RuggiesOfficial,AmeerHussainn,False
1495,39,RuggiesOfficial,KevinSusanto,False
1496,40,RuggiesOfficial,DonteCrypto,False
1497,41,RuggiesOfficial,JuJulikesnfts,False
1498,42,RuggiesOfficial,Chewtoro,False
1499,43,RuggiesOfficial,DCLBlogger,False
1500,44,RuggiesOfficial,tropoFarmer,False
1501,45,RuggiesOfficial,sxtvik,False
1502,46,RuggiesOfficial,andr3w,False
1503,47,RuggiesOfficial,DeezeFi,False
1504,48,RuggiesOfficial,fvckrender,False
1505,49,RuggiesOfficial,garyvee,False
1506,50,RuggiesOfficial,Luke360,False
1507,51,RuggiesOfficial,iamDCinvestor,False
1508,0,SadBotsNFT,BentoBoiNFT,False
1509,1,SadBotsNFT,TheShamdoo,False
1510,2,SadBotsNFT,dingalingts,False
1511,3,SadBotsNFT,champtgram,False
1512,4,SadBotsNFT,CryptoGorillaYT,False
1513,5,SadBotsNFT,nftpasta,True
1514,6,SadBotsNFT,MattCobuzio,True
1515,7,SadBotsNFT,mulligan,False
1516,8,SadBotsNFT,Crypt0Emma,True
1517,9,SadBotsNFT,SkiddilyNFT,True
1518,10,SadBotsNFT,NFTverse_,False
1519,11,SadBotsNFT,NickyGee44,False
1520,12,SadBotsNFT,allnick,False
1521,13,SadBotsNFT,Cameron_singh17,False
1522,14,SadBotsNFT,maxnaut,False
1523,15,SadBotsNFT,LilMoonLambo,False
1524,16,SadBotsNFT,SajadNFT,False
1525,17,SadBotsNFT,ashrobinqt,False
1526,18,SadBotsNFT,Dario_Desiena,False
1527,19,SadBotsNFT,SneakyninjaNFTs,False
1528,20,SadBotsNFT,KosherPlug,True
1529,21,SadBotsNFT,thebrettway,False
1530,22,SadBotsNFT,OttoSuwenNFT,False
1531,23,SadBotsNFT,OttoSuwenNFT,False
1532,24,SadBotsNFT,itstylersays,False
1533,25,SadBotsNFT,hypnotizedApe,False
1534,26,SadBotsNFT,NFTLlama,False
1535,27,SadBotsNFT,JRNYcrypto,True
1536,28,SadBotsNFT,ZssBecker,False
1537,29,SadBotsNFT,SpencerCUH,False
1538,30,SadBotsNFT,Archemist23NFT,False
1539,31,SadBotsNFT,BattleguruNFT,False
1540,32,SadBotsNFT,cbassg16,False
1541,33,SadBotsNFT,Zeneca_33,False
1542,34,SadBotsNFT,squidNFT,False
1543,35,SadBotsNFT,elliotrades,False
1544,36,SadBotsNFT,PopeyesNFTs,False
1545,37,SadBotsNFT,JamesCiesluk,False
1546,38,SadBotsNFT,AmeerHussainn,False
1547,39,SadBotsNFT,KevinSusanto,False
1548,40,SadBotsNFT,DonteCrypto,False
1549,41,SadBotsNFT,JuJulikesnfts,False
1550,42,SadBotsNFT,Chewtoro,True
1551,43,SadBotsNFT,DCLBlogger,False
1552,44,SadBotsNFT,tropoFarmer,False
1553,45,SadBotsNFT,sxtvik,False
1554,46,SadBotsNFT,andr3w,False
1555,47,SadBotsNFT,DeezeFi,False
1556,48,SadBotsNFT,fvckrender,False
1557,49,SadBotsNFT,garyvee,False
1558,50,SadBotsNFT,Luke360,False
1559,51,SadBotsNFT,iamDCinvestor,False
1560,0,SatoshiRunnerz,BentoBoiNFT,True
1561,1,SatoshiRunnerz,TheShamdoo,True
1562,2,SatoshiRunnerz,dingalingts,False
1563,3,SatoshiRunnerz,champtgram,False
1564,4,SatoshiRunnerz,CryptoGorillaYT,False
1565,5,SatoshiRunnerz,nftpasta,True
1566,6,SatoshiRunnerz,MattCobuzio,True
1567,7,SatoshiRunnerz,mulligan,False
1568,8,SatoshiRunnerz,Crypt0Emma,True
1569,9,SatoshiRunnerz,SkiddilyNFT,True
1570,10,SatoshiRunnerz,NFTverse_,False
1571,11,SatoshiRunnerz,NickyGee44,True
1572,12,SatoshiRunnerz,allnick,False
1573,13,SatoshiRunnerz,Cameron_singh17,False
1574,14,SatoshiRunnerz,maxnaut,False
1575,15,SatoshiRunnerz,LilMoonLambo,False
1576,16,SatoshiRunnerz,SajadNFT,False
1577,17,SatoshiRunnerz,ashrobinqt,False
1578,18,SatoshiRunnerz,Dario_Desiena,False
1579,19,SatoshiRunnerz,SneakyninjaNFTs,False
1580,20,SatoshiRunnerz,KosherPlug,True
1581,21,SatoshiRunnerz,thebrettway,True
1582,22,SatoshiRunnerz,OttoSuwenNFT,False
1583,23,SatoshiRunnerz,OttoSuwenNFT,False
1584,24,SatoshiRunnerz,itstylersays,False
1585,25,SatoshiRunnerz,hypnotizedApe,False
1586,26,SatoshiRunnerz,NFTLlama,True
1587,27,SatoshiRunnerz,JRNYcrypto,False
1588,28,SatoshiRunnerz,ZssBecker,False
1589,29,SatoshiRunnerz,SpencerCUH,False
1590,30,SatoshiRunnerz,Archemist23NFT,False
1591,31,SatoshiRunnerz,BattleguruNFT,False
1592,32,SatoshiRunnerz,cbassg16,True
1593,33,SatoshiRunnerz,Zeneca_33,False
1594,34,SatoshiRunnerz,squidNFT,False
1595,35,SatoshiRunnerz,elliotrades,False
1596,36,SatoshiRunnerz,PopeyesNFTs,False
1597,37,SatoshiRunnerz,JamesCiesluk,True
1598,38,SatoshiRunnerz,AmeerHussainn,False
1599,39,SatoshiRunnerz,KevinSusanto,False
1600,40,SatoshiRunnerz,DonteCrypto,False
1601,41,SatoshiRunnerz,JuJulikesnfts,False
1602,42,SatoshiRunnerz,Chewtoro,False
1603,43,SatoshiRunnerz,DCLBlogger,False
1604,44,SatoshiRunnerz,tropoFarmer,False
1605,45,SatoshiRunnerz,sxtvik,False
1606,46,SatoshiRunnerz,andr3w,False
1607,47,SatoshiRunnerz,DeezeFi,False
1608,48,SatoshiRunnerz,fvckrender,False
1609,49,SatoshiRunnerz,garyvee,False
1610,50,SatoshiRunnerz,Luke360,False
1611,51,SatoshiRunnerz,iamDCinvestor,False
1612,0,SkeletGuys,BentoBoiNFT,False
1613,1,SkeletGuys,TheShamdoo,False
1614,2,SkeletGuys,dingalingts,False
1615,3,SkeletGuys,champtgram,False
1616,4,SkeletGuys,CryptoGorillaYT,False
1617,5,SkeletGuys,nftpasta,False
1618,6,SkeletGuys,MattCobuzio,False
1619,7,SkeletGuys,mulligan,False
1620,8,SkeletGuys,Crypt0Emma,False
1621,9,SkeletGuys,SkiddilyNFT,False
1622,10,SkeletGuys,NFTverse_,False
1623,11,SkeletGuys,NickyGee44,False
1624,12,SkeletGuys,allnick,False
1625,13,SkeletGuys,Cameron_singh17,False
1626,14,SkeletGuys,maxnaut,False
1627,15,SkeletGuys,LilMoonLambo,False
1628,16,SkeletGuys,SajadNFT,False
1629,17,SkeletGuys,ashrobinqt,False
1630,18,SkeletGuys,Dario_Desiena,False
1631,19,SkeletGuys,SneakyninjaNFTs,False
1632,20,SkeletGuys,KosherPlug,False
1633,21,SkeletGuys,thebrettway,False
1634,22,SkeletGuys,OttoSuwenNFT,False
1635,23,SkeletGuys,OttoSuwenNFT,False
1636,24,SkeletGuys,itstylersays,False
1637,25,SkeletGuys,hypnotizedApe,False
1638,26,SkeletGuys,NFTLlama,False
1639,27,SkeletGuys,JRNYcrypto,False
1640,28,SkeletGuys,ZssBecker,False
1641,29,SkeletGuys,SpencerCUH,False
1642,30,SkeletGuys,Archemist23NFT,False
1643,31,SkeletGuys,BattleguruNFT,False
1644,32,SkeletGuys,cbassg16,False
1645,33,SkeletGuys,Zeneca_33,False
1646,34,SkeletGuys,squidNFT,False
1647,35,SkeletGuys,elliotrades,False
1648,36,SkeletGuys,PopeyesNFTs,False
1649,37,SkeletGuys,JamesCiesluk,False
1650,38,SkeletGuys,AmeerHussainn,False
1651,39,SkeletGuys,KevinSusanto,False
1652,40,SkeletGuys,DonteCrypto,False
1653,41,SkeletGuys,JuJulikesnfts,False
1654,42,SkeletGuys,Chewtoro,False
1655,43,SkeletGuys,DCLBlogger,False
1656,44,SkeletGuys,tropoFarmer,False
1657,45,SkeletGuys,sxtvik,False
1658,46,SkeletGuys,andr3w,False
1659,47,SkeletGuys,DeezeFi,False
1660,48,SkeletGuys,fvckrender,False
1661,49,SkeletGuys,garyvee,False
1662,50,SkeletGuys,Luke360,False
1663,51,SkeletGuys,iamDCinvestor,False
1664,0,SOVillains,BentoBoiNFT,False
1665,1,SOVillains,TheShamdoo,False
1666,2,SOVillains,dingalingts,True
1667,3,SOVillains,champtgram,True
1668,4,SOVillains,CryptoGorillaYT,True
1669,5,SOVillains,nftpasta,True
1670,6,SOVillains,MattCobuzio,True
1671,7,SOVillains,mulligan,False
1672,8,SOVillains,Crypt0Emma,False
1673,9,SOVillains,SkiddilyNFT,True
1674,10,SOVillains,NFTverse_,False
1675,11,SOVillains,NickyGee44,True
1676,12,SOVillains,allnick,False
1677,13,SOVillains,Cameron_singh17,False
1678,14,SOVillains,maxnaut,False
1679,15,SOVillains,LilMoonLambo,False
1680,16,SOVillains,SajadNFT,False
1681,17,SOVillains,ashrobinqt,False
1682,18,SOVillains,Dario_Desiena,False
1683,19,SOVillains,SneakyninjaNFTs,False
1684,20,SOVillains,KosherPlug,False
1685,21,SOVillains,thebrettway,False
1686,22,SOVillains,OttoSuwenNFT,False
1687,23,SOVillains,OttoSuwenNFT,False
1688,24,SOVillains,itstylersays,False
1689,25,SOVillains,hypnotizedApe,False
1690,26,SOVillains,NFTLlama,False
1691,27,SOVillains,JRNYcrypto,False
1692,28,SOVillains,ZssBecker,False
1693,29,SOVillains,SpencerCUH,False
1694,30,SOVillains,Archemist23NFT,True
1695,31,SOVillains,BattleguruNFT,False
1696,32,SOVillains,cbassg16,False
1697,33,SOVillains,Zeneca_33,False
1698,34,SOVillains,squidNFT,False
1699,35,SOVillains,elliotrades,False
1700,36,SOVillains,PopeyesNFTs,False
1701,37,SOVillains,JamesCiesluk,True
1702,38,SOVillains,AmeerHussainn,False
1703,39,SOVillains,KevinSusanto,False
1704,40,SOVillains,DonteCrypto,False
1705,41,SOVillains,JuJulikesnfts,True
1706,42,SOVillains,Chewtoro,True
1707,43,SOVillains,DCLBlogger,False
1708,44,SOVillains,tropoFarmer,False
1709,45,SOVillains,sxtvik,False
1710,46,SOVillains,andr3w,False
1711,47,SOVillains,DeezeFi,False
1712,48,SOVillains,fvckrender,False
1713,49,SOVillains,garyvee,False
1714,50,SOVillains,Luke360,False
1715,51,SOVillains,iamDCinvestor,False
1716,0,StarcatchersNFT,BentoBoiNFT,False
1717,1,StarcatchersNFT,TheShamdoo,True
1718,2,StarcatchersNFT,dingalingts,True
1719,3,StarcatchersNFT,champtgram,True
1720,4,StarcatchersNFT,CryptoGorillaYT,True
1721,5,StarcatchersNFT,nftpasta,True
1722,6,StarcatchersNFT,MattCobuzio,False
1723,7,StarcatchersNFT,mulligan,False
1724,8,StarcatchersNFT,Crypt0Emma,False
1725,9,StarcatchersNFT,SkiddilyNFT,True
1726,10,StarcatchersNFT,NFTverse_,False
1727,11,StarcatchersNFT,NickyGee44,False
1728,12,StarcatchersNFT,allnick,True
1729,13,StarcatchersNFT,Cameron_singh17,True
1730,14,StarcatchersNFT,maxnaut,True
1731,15,StarcatchersNFT,LilMoonLambo,False
1732,16,StarcatchersNFT,SajadNFT,False
1733,17,StarcatchersNFT,ashrobinqt,True
1734,18,StarcatchersNFT,Dario_Desiena,False
1735,19,StarcatchersNFT,SneakyninjaNFTs,True
1736,20,StarcatchersNFT,KosherPlug,True
1737,21,StarcatchersNFT,thebrettway,False
1738,22,StarcatchersNFT,OttoSuwenNFT,True
1739,23,StarcatchersNFT,OttoSuwenNFT,True
1740,24,StarcatchersNFT,itstylersays,False
1741,25,StarcatchersNFT,hypnotizedApe,False
1742,26,StarcatchersNFT,NFTLlama,False
1743,27,StarcatchersNFT,JRNYcrypto,False
1744,28,StarcatchersNFT,ZssBecker,False
1745,29,StarcatchersNFT,SpencerCUH,False
1746,30,StarcatchersNFT,Archemist23NFT,True
1747,31,StarcatchersNFT,BattleguruNFT,False
1748,32,StarcatchersNFT,cbassg16,False
1749,33,StarcatchersNFT,Zeneca_33,False
1750,34,StarcatchersNFT,squidNFT,False
1751,35,StarcatchersNFT,elliotrades,False
1752,36,StarcatchersNFT,PopeyesNFTs,False
1753,37,StarcatchersNFT,JamesCiesluk,True
1754,38,StarcatchersNFT,AmeerHussainn,False
1755,39,StarcatchersNFT,KevinSusanto,False
1756,40,StarcatchersNFT,DonteCrypto,False
1757,41,StarcatchersNFT,JuJulikesnfts,True
1758,42,StarcatchersNFT,Chewtoro,True
1759,43,StarcatchersNFT,DCLBlogger,False
1760,44,StarcatchersNFT,tropoFarmer,False
1761,45,StarcatchersNFT,sxtvik,False
1762,46,StarcatchersNFT,andr3w,True
1763,47,StarcatchersNFT,DeezeFi,True
1764,48,StarcatchersNFT,fvckrender,True
1765,49,StarcatchersNFT,garyvee,False
1766,50,StarcatchersNFT,Luke360,False
1767,51,StarcatchersNFT,iamDCinvestor,False
1768,0,TastyBonesNFT,BentoBoiNFT,False
1769,1,TastyBonesNFT,TheShamdoo,True
1770,2,TastyBonesNFT,dingalingts,True
1771,3,TastyBonesNFT,champtgram,True
1772,4,TastyBonesNFT,CryptoGorillaYT,True
1773,5,TastyBonesNFT,nftpasta,True
1774,6,TastyBonesNFT,MattCobuzio,True
1775,7,TastyBonesNFT,mulligan,False
1776,8,TastyBonesNFT,Crypt0Emma,True
1777,9,TastyBonesNFT,SkiddilyNFT,True
1778,10,TastyBonesNFT,NFTverse_,True
1779,11,TastyBonesNFT,NickyGee44,False
1780,12,TastyBonesNFT,allnick,True
1781,13,TastyBonesNFT,Cameron_singh17,True
1782,14,TastyBonesNFT,maxnaut,True
1783,15,TastyBonesNFT,LilMoonLambo,False
1784,16,TastyBonesNFT,SajadNFT,False
1785,17,TastyBonesNFT,ashrobinqt,True
1786,18,TastyBonesNFT,Dario_Desiena,False
1787,19,TastyBonesNFT,SneakyninjaNFTs,False
1788,20,TastyBonesNFT,KosherPlug,True
1789,21,TastyBonesNFT,thebrettway,False
1790,22,TastyBonesNFT,OttoSuwenNFT,True
1791,23,TastyBonesNFT,OttoSuwenNFT,True
1792,24,TastyBonesNFT,itstylersays,False
1793,25,TastyBonesNFT,hypnotizedApe,False
1794,26,TastyBonesNFT,NFTLlama,False
1795,27,TastyBonesNFT,JRNYcrypto,True
1796,28,TastyBonesNFT,ZssBecker,False
1797,29,TastyBonesNFT,SpencerCUH,False
1798,30,TastyBonesNFT,Archemist23NFT,True
1799,31,TastyBonesNFT,BattleguruNFT,False
1800,32,TastyBonesNFT,cbassg16,False
1801,33,TastyBonesNFT,Zeneca_33,False
1802,34,TastyBonesNFT,squidNFT,False
1803,35,TastyBonesNFT,elliotrades,False
1804,36,TastyBonesNFT,PopeyesNFTs,False
1805,37,TastyBonesNFT,JamesCiesluk,True
1806,38,TastyBonesNFT,AmeerHussainn,True
1807,39,TastyBonesNFT,KevinSusanto,False
1808,40,TastyBonesNFT,DonteCrypto,False
1809,41,TastyBonesNFT,JuJulikesnfts,True
1810,42,TastyBonesNFT,Chewtoro,True
1811,43,TastyBonesNFT,DCLBlogger,False
1812,44,TastyBonesNFT,tropoFarmer,False
1813,45,TastyBonesNFT,sxtvik,False
1814,46,TastyBonesNFT,andr3w,True
1815,47,TastyBonesNFT,DeezeFi,False
1816,48,TastyBonesNFT,fvckrender,False
1817,49,TastyBonesNFT,garyvee,False
1818,50,TastyBonesNFT,Luke360,False
1819,51,TastyBonesNFT,iamDCinvestor,False
1820,0,thesunniesnft,BentoBoiNFT,True
1821,1,thesunniesnft,TheShamdoo,False
1822,2,thesunniesnft,dingalingts,False
1823,3,thesunniesnft,champtgram,False
1824,4,thesunniesnft,CryptoGorillaYT,False
1825,5,thesunniesnft,nftpasta,True
1826,6,thesunniesnft,MattCobuzio,False
1827,7,thesunniesnft,mulligan,False
1828,8,thesunniesnft,Crypt0Emma,False
1829,9,thesunniesnft,SkiddilyNFT,False
1830,10,thesunniesnft,NFTverse_,False
1831,11,thesunniesnft,NickyGee44,False
1832,12,thesunniesnft,allnick,False
1833,13,thesunniesnft,Cameron_singh17,False
1834,14,thesunniesnft,maxnaut,False
1835,15,thesunniesnft,LilMoonLambo,False
1836,16,thesunniesnft,SajadNFT,False
1837,17,thesunniesnft,ashrobinqt,True
1838,18,thesunniesnft,Dario_Desiena,False
1839,19,thesunniesnft,SneakyninjaNFTs,False
1840,20,thesunniesnft,KosherPlug,True
1841,21,thesunniesnft,thebrettway,False
1842,22,thesunniesnft,OttoSuwenNFT,False
1843,23,thesunniesnft,OttoSuwenNFT,False
1844,24,thesunniesnft,itstylersays,False
1845,25,thesunniesnft,hypnotizedApe,False
1846,26,thesunniesnft,NFTLlama,False
1847,27,thesunniesnft,JRNYcrypto,False
1848,28,thesunniesnft,ZssBecker,False
1849,29,thesunniesnft,SpencerCUH,False
1850,30,thesunniesnft,Archemist23NFT,False
1851,31,thesunniesnft,BattleguruNFT,False
1852,32,thesunniesnft,cbassg16,False
1853,33,thesunniesnft,Zeneca_33,False
1854,34,thesunniesnft,squidNFT,False
1855,35,thesunniesnft,elliotrades,False
1856,36,thesunniesnft,PopeyesNFTs,False
1857,37,thesunniesnft,JamesCiesluk,True
1858,38,thesunniesnft,AmeerHussainn,False
1859,39,thesunniesnft,KevinSusanto,False
1860,40,thesunniesnft,DonteCrypto,False
1861,41,thesunniesnft,JuJulikesnfts,False
1862,42,thesunniesnft,Chewtoro,False
1863,43,thesunniesnft,DCLBlogger,False
1864,44,thesunniesnft,tropoFarmer,False
1865,45,thesunniesnft,sxtvik,False
1866,46,thesunniesnft,andr3w,False
1867,47,thesunniesnft,DeezeFi,False
1868,48,thesunniesnft,fvckrender,False
1869,49,thesunniesnft,garyvee,False
1870,50,thesunniesnft,Luke360,False
1871,51,thesunniesnft,iamDCinvestor,False
1872,0,TsukiNFT,BentoBoiNFT,False
1873,1,TsukiNFT,TheShamdoo,False
1874,2,TsukiNFT,dingalingts,False
1875,3,TsukiNFT,champtgram,True
1876,4,TsukiNFT,CryptoGorillaYT,False
1877,5,TsukiNFT,nftpasta,True
1878,6,TsukiNFT,MattCobuzio,False
1879,7,TsukiNFT,mulligan,False
1880,8,TsukiNFT,Crypt0Emma,False
1881,9,TsukiNFT,SkiddilyNFT,False
1882,10,TsukiNFT,NFTverse_,False
1883,11,TsukiNFT,NickyGee44,False
1884,12,TsukiNFT,allnick,False
1885,13,TsukiNFT,Cameron_singh17,True
1886,14,TsukiNFT,maxnaut,True
1887,15,TsukiNFT,LilMoonLambo,False
1888,16,TsukiNFT,SajadNFT,False
1889,17,TsukiNFT,ashrobinqt,False
1890,18,TsukiNFT,Dario_Desiena,False
1891,19,TsukiNFT,SneakyninjaNFTs,False
1892,20,TsukiNFT,KosherPlug,True
1893,21,TsukiNFT,thebrettway,False
1894,22,TsukiNFT,OttoSuwenNFT,False
1895,23,TsukiNFT,OttoSuwenNFT,False
1896,24,TsukiNFT,itstylersays,False
1897,25,TsukiNFT,hypnotizedApe,False
1898,26,TsukiNFT,NFTLlama,False
1899,27,TsukiNFT,JRNYcrypto,False
1900,28,TsukiNFT,ZssBecker,False
1901,29,TsukiNFT,SpencerCUH,False
1902,30,TsukiNFT,Archemist23NFT,False
1903,31,TsukiNFT,BattleguruNFT,False
1904,32,TsukiNFT,cbassg16,False
1905,33,TsukiNFT,Zeneca_33,False
1906,34,TsukiNFT,squidNFT,False
1907,35,TsukiNFT,elliotrades,False
1908,36,TsukiNFT,PopeyesNFTs,False
1909,37,TsukiNFT,JamesCiesluk,True
1910,38,TsukiNFT,AmeerHussainn,False
1911,39,TsukiNFT,KevinSusanto,False
1912,40,TsukiNFT,DonteCrypto,False
1913,41,TsukiNFT,JuJulikesnfts,False
1914,42,TsukiNFT,Chewtoro,True
1915,43,TsukiNFT,DCLBlogger,False
1916,44,TsukiNFT,tropoFarmer,False
1917,45,TsukiNFT,sxtvik,False
1918,46,TsukiNFT,andr3w,True
1919,47,TsukiNFT,DeezeFi,False
1920,48,TsukiNFT,fvckrender,False
1921,49,TsukiNFT,garyvee,False
1922,50,TsukiNFT,Luke360,False
1923,51,TsukiNFT,iamDCinvestor,False
1924,0,WabiSabiNFT,BentoBoiNFT,False
1925,1,WabiSabiNFT,TheShamdoo,False
1926,2,WabiSabiNFT,dingalingts,False
1927,3,WabiSabiNFT,champtgram,False
1928,4,WabiSabiNFT,CryptoGorillaYT,True
1929,5,WabiSabiNFT,nftpasta,True
1930,6,WabiSabiNFT,MattCobuzio,False
1931,7,WabiSabiNFT,mulligan,False
1932,8,WabiSabiNFT,Crypt0Emma,True
1933,9,WabiSabiNFT,SkiddilyNFT,True
1934,10,WabiSabiNFT,NFTverse_,False
1935,11,WabiSabiNFT,NickyGee44,False
1936,12,WabiSabiNFT,allnick,False
1937,13,WabiSabiNFT,Cameron_singh17,False
1938,14,WabiSabiNFT,maxnaut,False
1939,15,WabiSabiNFT,LilMoonLambo,False
1940,16,WabiSabiNFT,SajadNFT,False
1941,17,WabiSabiNFT,ashrobinqt,False
1942,18,WabiSabiNFT,Dario_Desiena,False
1943,19,WabiSabiNFT,SneakyninjaNFTs,False
1944,20,WabiSabiNFT,KosherPlug,True
1945,21,WabiSabiNFT,thebrettway,False
1946,22,WabiSabiNFT,OttoSuwenNFT,False
1947,23,WabiSabiNFT,OttoSuwenNFT,False
1948,24,WabiSabiNFT,itstylersays,False
1949,25,WabiSabiNFT,hypnotizedApe,False
1950,26,WabiSabiNFT,NFTLlama,False
1951,27,WabiSabiNFT,JRNYcrypto,False
1952,28,WabiSabiNFT,ZssBecker,False
1953,29,WabiSabiNFT,SpencerCUH,False
1954,30,WabiSabiNFT,Archemist23NFT,False
1955,31,WabiSabiNFT,BattleguruNFT,False
1956,32,WabiSabiNFT,cbassg16,False
1957,33,WabiSabiNFT,Zeneca_33,False
1958,34,WabiSabiNFT,squidNFT,False
1959,35,WabiSabiNFT,elliotrades,False
1960,36,WabiSabiNFT,PopeyesNFTs,False
1961,37,WabiSabiNFT,JamesCiesluk,False
1962,38,WabiSabiNFT,AmeerHussainn,False
1963,39,WabiSabiNFT,KevinSusanto,False
1964,40,WabiSabiNFT,DonteCrypto,False
1965,41,WabiSabiNFT,JuJulikesnfts,False
1966,42,WabiSabiNFT,Chewtoro,False
1967,43,WabiSabiNFT,DCLBlogger,False
1968,44,WabiSabiNFT,tropoFarmer,False
1969,45,WabiSabiNFT,sxtvik,False
1970,46,WabiSabiNFT,andr3w,False
1971,47,WabiSabiNFT,DeezeFi,False
1972,48,WabiSabiNFT,fvckrender,False
1973,49,WabiSabiNFT,garyvee,False
1974,50,WabiSabiNFT,Luke360,False
1975,51,WabiSabiNFT,iamDCinvestor,False
1976,0,WaveCatchersNFT,BentoBoiNFT,False
1977,1,WaveCatchersNFT,TheShamdoo,False
1978,2,WaveCatchersNFT,dingalingts,False
1979,3,WaveCatchersNFT,champtgram,True
1980,4,WaveCatchersNFT,CryptoGorillaYT,False
1981,5,WaveCatchersNFT,nftpasta,False
1982,6,WaveCatchersNFT,MattCobuzio,False
1983,7,WaveCatchersNFT,mulligan,False
1984,8,WaveCatchersNFT,Crypt0Emma,False
1985,9,WaveCatchersNFT,SkiddilyNFT,False
1986,10,WaveCatchersNFT,NFTverse_,False
1987,11,WaveCatchersNFT,NickyGee44,False
1988,12,WaveCatchersNFT,allnick,False
1989,13,WaveCatchersNFT,Cameron_singh17,False
1990,14,WaveCatchersNFT,maxnaut,False
1991,15,WaveCatchersNFT,LilMoonLambo,False
1992,16,WaveCatchersNFT,SajadNFT,False
1993,17,WaveCatchersNFT,ashrobinqt,False
1994,18,WaveCatchersNFT,Dario_Desiena,False
1995,19,WaveCatchersNFT,SneakyninjaNFTs,False
1996,20,WaveCatchersNFT,KosherPlug,False
1997,21,WaveCatchersNFT,thebrettway,False
1998,22,WaveCatchersNFT,OttoSuwenNFT,False
1999,23,WaveCatchersNFT,OttoSuwenNFT,False
2000,24,WaveCatchersNFT,itstylersays,False
2001,25,WaveCatchersNFT,hypnotizedApe,False
2002,26,WaveCatchersNFT,NFTLlama,False
2003,27,WaveCatchersNFT,JRNYcrypto,False
2004,28,WaveCatchersNFT,ZssBecker,False
2005,29,WaveCatchersNFT,SpencerCUH,False
2006,30,WaveCatchersNFT,Archemist23NFT,False
2007,31,WaveCatchersNFT,BattleguruNFT,False
2008,32,WaveCatchersNFT,cbassg16,False
2009,33,WaveCatchersNFT,Zeneca_33,False
2010,34,WaveCatchersNFT,squidNFT,False
2011,35,WaveCatchersNFT,elliotrades,False
2012,36,WaveCatchersNFT,PopeyesNFTs,False
2013,37,WaveCatchersNFT,JamesCiesluk,False
2014,38,WaveCatchersNFT,AmeerHussainn,False
2015,39,WaveCatchersNFT,KevinSusanto,False
2016,40,WaveCatchersNFT,DonteCrypto,False
2017,41,WaveCatchersNFT,JuJulikesnfts,False
2018,42,WaveCatchersNFT,Chewtoro,False
2019,43,WaveCatchersNFT,DCLBlogger,False
2020,44,WaveCatchersNFT,tropoFarmer,False
2021,45,WaveCatchersNFT,sxtvik,False
2022,46,WaveCatchersNFT,andr3w,False
2023,47,WaveCatchersNFT,DeezeFi,False
2024,48,WaveCatchersNFT,fvckrender,False
2025,49,WaveCatchersNFT,garyvee,False
2026,50,WaveCatchersNFT,Luke360,False
2027,51,WaveCatchersNFT,iamDCinvestor,False
2028,0,WonderPals,BentoBoiNFT,False
2029,1,WonderPals,TheShamdoo,True
2030,2,WonderPals,dingalingts,True
2031,3,WonderPals,champtgram,True
2032,4,WonderPals,CryptoGorillaYT,True
2033,5,WonderPals,nftpasta,True
2034,6,WonderPals,MattCobuzio,True
2035,7,WonderPals,mulligan,True
2036,8,WonderPals,Crypt0Emma,False
2037,9,WonderPals,SkiddilyNFT,False
2038,10,WonderPals,NFTverse_,True
2039,11,WonderPals,NickyGee44,False
2040,12,WonderPals,allnick,False
2041,13,WonderPals,Cameron_singh17,True
2042,14,WonderPals,maxnaut,True
2043,15,WonderPals,LilMoonLambo,False
2044,16,WonderPals,SajadNFT,False
2045,17,WonderPals,ashrobinqt,True
2046,18,WonderPals,Dario_Desiena,False
2047,19,WonderPals,SneakyninjaNFTs,False
2048,20,WonderPals,KosherPlug,True
2049,21,WonderPals,thebrettway,False
2050,22,WonderPals,OttoSuwenNFT,True
2051,23,WonderPals,OttoSuwenNFT,True
2052,24,WonderPals,itstylersays,False
2053,25,WonderPals,hypnotizedApe,False
2054,26,WonderPals,NFTLlama,False
2055,27,WonderPals,JRNYcrypto,False
2056,28,WonderPals,ZssBecker,False
2057,29,WonderPals,SpencerCUH,False
2058,30,WonderPals,Archemist23NFT,True
2059,31,WonderPals,BattleguruNFT,False
2060,32,WonderPals,cbassg16,False
2061,33,WonderPals,Zeneca_33,True
2062,34,WonderPals,squidNFT,False
2063,35,WonderPals,elliotrades,False
2064,36,WonderPals,PopeyesNFTs,False
2065,37,WonderPals,JamesCiesluk,True
2066,38,WonderPals,AmeerHussainn,False
2067,39,WonderPals,KevinSusanto,False
2068,40,WonderPals,DonteCrypto,False
2069,41,WonderPals,JuJulikesnfts,True
2070,42,WonderPals,Chewtoro,True
2071,43,WonderPals,DCLBlogger,False
2072,44,WonderPals,tropoFarmer,False
2073,45,WonderPals,sxtvik,False
2074,46,WonderPals,andr3w,True
2075,47,WonderPals,DeezeFi,False
2076,48,WonderPals,fvckrender,False
2077,49,WonderPals,garyvee,False
2078,50,WonderPals,Luke360,False
2079,51,WonderPals,iamDCinvestor,False
